2026.3.25,,鄭軼せん, 高安秀樹, 高安美佐子,,日本物理学会2026年春季大会, オンライン開催,,東京都市圏における鉄道通勤経路選択の統計力学的モデルGPS データによる実証分析
2026.3.25,,Jiang, Jiwei J., 山田健太, 高安秀樹, 高安美佐子,,日本物理学会2026年春季大会, オンライン開催,,SNS投稿における語彙変動下でも安定に保たれる感情共起パターンの発見
2026.3.24,,増川理恵, 高安秀樹, 高安伶奈, 須田亙, 高安美佐子,,日本物理学会2026年春季大会, オンライン開催,,外的摂動に対する腸内細菌叢の過渡的応答と反応性の定量解析
2026.3.24,,長山慧, 高安秀樹, 高安美佐子,,日本物理学会2026年春季大会, オンライン開催,,企業間取引ネットワークにおける連鎖倒産モデルの相転移解析
2026.3.24,,呉潜雲, Orr Levy, Yoed N. Kenett, 佐野幸恵, 高安秀樹, Shlomo Havlin, 高安美佐子,,日本物理学会2026年春季大会, オンライン開催,,SNS投稿における語彙変動下でも安定に保たれる感情共起パターンの発見
2026.3.12,,増川理恵, <b>招待講演</b>,,第73回日本生態学会大会, 京都大学吉田キャンパス,,高頻度腸内細菌叢時系列の位相解析による機能的動態の理解
2026.3.10,,鄭 軼せん, 高安秀樹, 高安美佐子,,社会システムと情報技術研究ウィーク, 新富良野プリンスホテル,,東京都市圏における鉄道通勤経路選択の統計力学的モデル GPSデータによる実証分析
2026.3.4,,鄭 軼せん, 高安秀樹, 高安美佐子,,第5回計算社会科学会大会（CSSJ2026）, クリエート浜松,,東京都市圏における鉄道通勤経路選択の統計力学的モデル GPSデータによる実証分析（ポスター）
2026.3.2,,Wu Qianyun, Orr Levy, Yoed Kenette, Sano Yukie, Hideki Takayasu, Shlomo Havlin, Misako Takayasu,,第5回計算社会科学会大会（CSSJ2026）, クリエート浜松,,SNS投稿における感情共起ネットワークの構造
2026.2.18,,Wu Qianyun, <b>講演</b>,,ネットワーク科学研究会2025, 同志社大学（今出川キャンパス良心館）,,変化する言葉、変わらない感情：大規模SNSデータの感情共起ネットワーク分析
2025.12.9,,Qianyun Wu, Yukie Sano, Hideki Takayasu, and Misako Takayasu,,The 10th International Workshop on Application of Big Data for Computational Social Science (ABCSS2025), サテライトキャンパスおおいた,,Linking Opinion Dynamics and Emotional Expression in Online Communities: A Case Study of COVID-19 Vaccination Discourse in Japan
2025.11.8,,増川理恵, <b>招待講演</b>,,第3回理論進化生態フォーラム, 総合研究大学院大学,,高頻度メタゲノムデータを用いた腸内細菌叢の概日リズム解析
2025.11.1,,鄭 軼せん、高安 秀樹、高安 美佐子,,第34回地理情報システム学会学術研究発表大会, 富山大学,,東京都市圏における鉄道通勤経路選択の統計力学的モデル-GPS データによる実証分析
2025.9.20,,鄭 軼せん,,日本地理学会2025年秋季学術大会, 弘前大学,,日本の都市圏における通勤者の重力モデルの改善―時間および空間構造に基づく解釈
2025.9.19,,Arthur Matsuo Yamashita Rios de Sousa, Daisuke Ando, Junichi OzakiA, Yohei ShidaB, Qianyun Wu, Yixuan Y. Zheng, Zhihua Zhong, Rie Maskawa, Jiwei J. Jiang, Kay Nagayama, Hideki Takayasu, Misako Takayasu,,日本物理学会 第80回年次大会, 広島大学（東広島キャンパス）,,Forecasting weekly TV sales in the presence of irregular seasonality
2025.9.19,,吉成勇人, 高安秀樹, 高安美佐子,,日本物理学会 第80回年次大会, 広島大学（東広島キャンパス）,,日本企業間取引における企業規模別分析を通じた重力モデルの適用性検証と再設計
2025.9.19,,Jiang, Jiwei J., 山田健太, 高安秀樹, 高安美佐子,,日本物理学会 第80回年次大会, 広島大学（東広島キャンパス）,,ハッシュタグの出現頻度の経験則を再現するエージェントベースモデルⅢ
2025.9.19,,NA KANG, 高安秀樹, 高安美佐子,,日本物理学会 第80回年次大会, 広島大学（東広島キャンパス）,,マクロ経済要因を考慮したドバイ不動産価格の実データに基づく推定
2025.9.17,,増川理恵, Tanzila Islam, 高安秀樹, 吉川優, 荒川武蔵, 黒川李奈, 増岡弘晃, 高安伶奈, 須田亙, 高安美佐子,,日本物理学会 第80回年次大会, 広島大学（東広島キャンパス）,,マウス腸内細菌叢の高頻度時系列データによる概日周期の解析
2025.9.17,,Tanzila Islam, Rie Maskawa, Yu Yoshikawa, Musashi Arakawa, Hideki Takayasu, Rina Kurokawa, Hiroaki Masuoka, Lena Takayasu, Wataru Suda, Misako Takayasu,,日本物理学会 第80回年次大会, 広島大学（東広島キャンパス）,,Observation of Circadian Dynamics in the Mouse Gut Microbiome through High-Resolution Time-Series Analysis
2025.9.16,,呉潜雲, Orr Levy, Yoed N. Kenett, 佐野幸恵, 高安秀樹, Shlomo Havlin, 高安美佐子,,日本物理学会 第80回年次大会, 広島大学（東広島キャンパス）,,大規模ソーシャルメディアデータに基づく危機時の感情共起ネットワーク分析
2025.9.16,,長山慧, 尾崎順一, 高安秀樹, 高安美佐子,,日本物理学会 第80回年次大会, 広島大学（東広島キャンパス）,,企業規模を考慮した連鎖倒産モデル
2025.9.16,,鐘志華, 高安秀樹, 高安美佐子,,日本物理学会 第80回年次大会, 広島大学（東広島キャンパス）,,電気回路モデルに基づく人流の繰り込み
2025.9.11,,Zhong Zhihua, Takayasu Hideki, Takayasu Misako,,電子情報通信学会　ソサイエティ大会, 岡山大学津島キャンパス,,Renormalization of human mobility based on a revised electric circuit model-2
2025.9.7,,Tanzila Islam, Rie Maskawa, Yu Yoshikawa, Musashi Arakawa, Hideki Takayasu, Rina Kurokawa, Hiroaki Masuoka, Lena Takayasu, Wataru Suda, Misako Takayasu,,日本微生物生態学会 第38回東京大会, 東京科学大学（大岡山キャンパス）,,High-resolution Time Series Analysis of Circadian Dynamics in the Mouse Gut Microbiome（ポスター）
2025.9.7,,荒川武蔵, 高安秀樹, Tanzila lslam, 増川理恵, 吉川優, 高安伶奈, 黒川李奈, 増岡弘晃, 須田亙, 高安美佐子,,日本微生物生態学会 第38回東京大会, 東京科学大学（大岡山キャンパス）,,マウスの腸内細菌叢における潜在種数の推定（ポスター）
2025.9.7,,吉川優, 増川理恵, Tanzila Islam, 荒川武蔵, 高安秀樹, 増岡弘晃, 黒川李奈, 高安伶奈, 須田亙, 高安美佐子,,日本微生物生態学会 第38回東京大会, 東京科学大学（大岡山キャンパス）,,マウスの腸内細菌叢高頻度時系列を用いた非定常時系列の相関解析（ポスター）
2025.9.9,,増川理恵，高安秀樹，Tanzila Islam，吉川優，荒川武蔵，黒川李奈，増岡弘晃，高安伶奈，須田亙，高安美佐子,,日本微生物生態学会 第38回東京大会, 東京科学大学（大岡山キャンパス）,,高頻度時系列データを用いたマウス腸内細菌叢における概日変動の解析
2025.9.1,,Arthur Matsuo Yamashita Rios de Sousa, Jaroslav Hlinka, Hideki Takayasu, Misako Takayasu,,Conference on Complex Systems 2025,,Inference of complex networks using ordinal patterns with application to the foreign exchange market（ポスター）
2025.8.1,,Hideki Takayasu,,Fourth International Summer Institute on Network Physiology (ISINP), Lake Como School of Advanced Studies, Italy,,Estimation of coexisting or exclusive interactions from Population dynamics of gut microbiome of mice
2025.8.1,,Misako Takayasu, <b>講演</b>,,Fourth International Summer Institute on Network Physiology (ISINP), Lake Como School of Advanced Studies, Italy,,Analysis of high-resolution metagenomic time series and modeling of the microbiome interaction network
2025.7.7,,Rie Maskawa, Hideki Takayasu, Lena Takayasu, Rina Kurokawa, Hiroaki Masuoka, Tanzila Islam, Yu Yoshikawa, Wataru Suda, Misako Takayasu,,2025年度数理生物学会年会, 京都テルサ,,High-resolution temporal dynamics of diurnal fluctuations in the mouse gut microbiome（ポスター）
2025.3.19,,鄭軼せん, 高安秀樹, 高安美佐子,,日本物理学会2025年春季大会, オンライン開催,,都市圏における交通手段選択と社会構造の関係性：移動モチーフに基づく分析
2025.3.19,,小池元, 高安秀樹, 高安美佐子,,日本物理学会2025年春季大会, オンライン開催,,重力相互作用モデルの分岐・ヒステリシスのネットワーク構造的観点からの理解
2025.3.19,,伊藤史紘, 高安秀樹, 高安美佐子,,日本物理学会2025年春季大会, オンライン開催,,外国為替市場における価格の変動と個別トレーダの注文戦略の関係性の解析
2025.3.6,,小池元, 高安秀樹, 高安美佐子,,日本応用数理学会第21回研究部会連合発表会, 岡山大学津島キャンパス,,重力相互作用モデルのカオス解Ⅱ
2025.1.22,,高安美佐子, <b>講演</b>,,みずほ第一フィナンシャルテクノロジー株式会社, ハイブリッド形式,,ビッグデータを活用した社会・経済現象のモデリング（経済・社会物理学・複雑ネットワーク）
2024.12.10,,Yohei Shida, Hideki Takayasu, Misako Takayasu,,Complex Networks 2024, Yildiz Technical University Davutpasa Campus,,Assessing the Universality of Human Flow Models Through Drainage Basin Analysis and Daily Flow Fluctuations: A Study on GPS-Based Urban Dynamics
2024.12.9,,小池元,,Dynamics Days 2024 Sapporo, 北海道大学札幌キャンパス,,Chaotic behavior in the gravity interaction model
2024.10.28,,増川理恵,,日本微生物生態学会第37回広島大会自由集会「ビッグデータで解き明かす微生物叢の変動性：予測から制御へ」, 広島国際会議場,,腸内細菌叢変動実データに基づく数理モデル化の試み
2024.10.10,,増川理恵,,研究会「理論と実験」, 広島大学東広島キャンパス,,腸内細菌叢時系列データによる統計則の解析とモデル化
2024.9.18,,Arthur Matsuo Yamashita Rios de Sousa, Junichi Ozaki, Yohei Shida, Qianyun Wu, Zheng Yixuan, Zhihua Zhong, Rie Masukawa, Jiwei Jiang, Kei Nagayama, Daiki Tokumoto, Daisuke Ando, Hideki Takayasu, Misako Takayasu,,日本物理学会 第79回年次大会, 北海道大学（札幌キャンパス）,,TV weekly sales time series decomposition and forecast
2024.9.18,,増川理恵, 高安秀樹, 高安伶奈, 須田亙, 高安美佐子,,日本物理学会 第79回年次大会, 北海道大学（札幌キャンパス）,,腸内細菌叢の静的・動的な統計則を再現する確率的時空間発展モデル
2024.9.18,,小池元, 高安秀樹, 高安美佐子,,日本物理学会 第79回年次大会, 北海道大学（札幌キャンパス）,,重力相互作用モデルにみられるカオス的振る舞いII
2024.9.18,,NA KANG, 高安秀樹, 高安美佐子,,日本物理学会 第79回年次大会, 北海道大学（札幌キャンパス）,,仮想通貨市場データの統計的解析および機械学習による予測モデル構築
2024.9.18,,Jiang, Jiwei J., 山田健太, 高安秀樹, 高安美佐子,,日本物理学会 第79回年次大会, 北海道大学（札幌キャンパス）,,ハッシュタグの出現頻度の経験則を再現するエージェントベースモデルII
2024.9.18,,伊藤史紘, 高安秀樹, 高安美佐子,,日本物理学会 第79回年次大会, 北海道大学（札幌キャンパス）,,トレーダーの注文行動と板情報の変化の関係性の分析
2024.9.18,,鄭軼せん, 志田洋平, 高安美佐子, 高安秀樹,,日本物理学会 第79回年次大会, 北海道大学（札幌キャンパス）,,日本の都市圏における通勤者のための重力モデルの強化：時間および空間構造に基づく改善
2024.9.16,,安東大輔, Yamashita Rios de Sousa Arthur Matsuo, Yixuan Zheng, 増川理恵, 高安秀樹, 高安美佐子,,日本物理学会 第79回年次大会, 北海道大学（札幌キャンパス）,,家電製品の販売データを用いた製品別販売数予測モデルの構築
2024.9.16,,呉潜雲, 王凡, Alon Sela, Orr Levy, 高安秀樹, Shlomo Havlin, 高安美佐子,,日本物理学会 第79回年次大会, 北海道大学（札幌キャンパス）,,3.11東日本大震災におけるTwitter上の感情ダイナミックスの特性
2024.9.16,,小宮山巧, 高安秀樹, 高安美佐子,,日本物理学会 第79回年次大会, 北海道大学（札幌キャンパス）,,日本企業の財務データ及び取引関係を用いた機械学習による急成長企業の予測
2024.9.16,,長山慧, 尾崎順一, 高安秀樹, 高安美佐子,,日本物理学会 第79回年次大会, 北海道大学（札幌キャンパス）,,取引先の倒産の影響度の減衰を考慮した連鎖倒産モデルII
2024.9.14,,小池元, 高安秀樹, 高安美佐子,,日本応用数理学会 2024年度年会, 京都大学,,重力相互作用モデルの次元リング構造における多様な解について
2024.9.12,,増川理恵, 高安秀樹, 高安伶奈, 須田亙, 高安美佐子,,2024年度日本数理生物学会年会, 北海道大学　学術交流会館,,確率的乗算モデルによる腸内細菌叢動態の統計則の再現
2024.9.9,,Rie Masukawa,,Roles of Heterogeneity in Economical, Social, and Ecological Systems (RHINOS 2024), 琉球大学,,Temporal variations in gut microbiome: Insights into universal dynamics and modeling
2024.9.5,,Yamashita Rios de Sousa, Arthur Matsuo; Ozaki, Junichi; Shida, Yohei; Wu, Qianyun; Yixuan, Zheng; Zhong, Zhihua; Masukawa, Rie; Jiang, Jiwei; Nagayama, Kei; Tokumoto, Daiki; Ando, Daisuke; Takayasu, Hideki; Takayasu, Misako,,Conference on Complex Systems 2024, University of Exeter, England,,Prediction of TV weekly sales using time series decomposition
2024.8.23,,高安美佐子, <b>講演</b>,,防災科学技術研究所　第31回共創考究会 -データにより加速するマルチモーダルAIの防災減災活用-, 防災科学技術研究所本所＋オンライン（ハイブリッド形式）,,企業取引ネットワーク構造に基づいた自然災害の経済的影響の推定
2024.7.29,,Hajime Koike, Hideki Takayasu, Misako Takayasu,,XLIV Dynamics Days Europe, Constructor University, Bremen, Germany,,Bifurcations and hysteresis of a nonlinear transport model on small networks
2024.7.24,,高安美佐子, <b>講演</b>,,科学技術と経済の会　第73回センサー＆データフュージョン研究会 (科学技術と経済の会会議室/オンライン),,ビッグデータで読み解く企業の栄枯盛衰
2024.7.9,,Hideki Takayasu, <b>基調講演</b>,,1st Complexity Science and Management Science 'CSMS' Cooperative Workshop (Vall de Nuria, Catalunya, Spain),,ビッグデータに対する非ブラックボックス型の解析手法に関して：半導体工場と腸内細菌の場合
2024.7.8,,Misako Takayasu, <b>基調講演</b>,,1st Complexity Science and Management Science 'CSMS' Cooperative Workshop (Vall de Nuria, Catalunya, Spain),,ランダム乗算過程の中心極限定理を用いた腸内細菌叢のモデル化
2024.6.30,,Rie Maskawa,,KSBM-SBM (the Korean Society for Mathematical Biology and the Society for Mathematical Biology), KonKuk University, Seoul, Korea,,Reproducing static and dynamic statistical laws of the gut microbiome ecosystem by multiplicative stochastic process
2024.6.22,,Rie Masukawa,,10th International Human Microbiome Consortium Congress, Confindustria Congress Center, Rome, Italy,,Comprehensive Analysis of OTU Relationships Using Time-Series Data of a Microbiome Containing Many Zeros
2024.6.19,,Wu Qianyun,,International School and Conference on Network Science (NetSci), Quebec City Conference Centre, Quebec City, Canada,,Possible Influence of Communities on Users' Opinions Changes Towards COVID-19 Vaccine: A Study Based on Japanese Twitter
2024.6.3,,Arthur Matsuo Yamashita Rios de Sousa,,Econophysics Colloquium 2024, Complexity Science Hub, Vienna, Austria,,Extraction and clustering of trends in the USD/JPY foreign exchange market using the epsilon-tau procedure
2024.5.31,,尾崎 順一、Eduardo Viegas、高安 秀樹、高安 美佐子,,2024年度 人工知能学会全国大会 (第38回), アクトシティ浜松＋オンライン,,種々の主要な経験則を満たす企業間取引ネットワークの統合モデル
2024.5.31,,鐘 志華、高安 秀樹、高安 美佐子,,2024年度 人工知能学会全国大会 (第38回), *全国大会優秀賞*, アクトシティ浜松＋オンライン,,人口流動への新なアプローチ：GPSデータに基づく電気回路の物理的アナロジーによる人口流動の記述
2024.5.29,,呉潜雲, 佐野幸恵, 高安秀樹, Havlin Shlomo, 高安美佐子,,2024年度 人工知能学会全国大会 (第38回), アクトシティ浜松＋オンライン,,コロナワクチンに関するTwitter上の意見の変化：動的ネットワークコミュニティ検出と意見混在の分析
2024.3.22,,Jun'ichi Ozaki, Eduardo Viegas, Hideki Takayasu, and Misako Takayasu,,87th Annual Conference of the DPG and DPG Spring Meeting, Technische Universitat Berlin, Germany,,Integrated model of B-to-B trade network reproducing all major empirical laws: from structural evolution to monetary flows
2024.3.21,,呉潜雲, 佐野幸恵, 高安秀樹, Shlomo Havlin, 高安美佐子,,日本物理学会2024年春季大会, オンライン開催,,Twitterユーザのワクチンに対する意見の変容およびネットワークコミュニティからの影響
2024.3.21,,長山慧, 尾﨑順一, 高安秀樹, 高安美佐子,,日本物理学会2024年春季大会, オンライン開催,,取引先の倒産の影響度の減衰を考慮した連鎖倒産モデル
2024.3.20,,Jiang, Jiwei, 山田健太, 高安秀樹, 高安美佐子,,日本物理学会2024年春季大会, オンライン開催,,ハッシュタグの出現頻度の経験則を再現するエージェントベースモデル
2024.3.20,,鄭軼せん, 高安秀樹, 高安美佐子,,日本物理学会2024年春季大会, オンライン開催,,モチーフによる都市圏の通勤人流分析
2024.3.20,,有田凜太郎, 高安秀樹, 高安美佐子,,日本物理学会2024年春季大会, オンライン開催,,ディーラーモデルによる為替介入のシミュレーションII
2024.3.19,,増川理恵, 高安秀樹, 高安伶奈, 須田亙, 高安美佐子,,日本物理学会2024年春季大会, オンライン開催,,乗算確率過程による腸内細菌叢動態の統計的性質の再現
2024.3.18,,小池元, 高安秀樹, 高安美佐子,,日本物理学会2024年春季大会, オンライン開催,,重力相互作用モデルにみられるカオス的振る舞い
2024.3.7,,WU QIANYUN, 佐野 幸恵, 高安 秀樹, Havlin Shlomo, 高安 美佐子,,電子情報通信学会　総合大会, 広島大学東広島キャンパス,,Twitterユーザーのワクチンに対する意見変化とコミュニティの影響の分析
2024.3.4,,小池元, 高安秀樹, 高安美佐子,,日本応用数理学会第20回研究部会連合発表会, アオーレ長岡,,重力相互作用モデルのカオス解
2023.12.24,,増川理恵,,ネットワーク科学研究会2023, 同志社大学今出川キャンパス,,腸内細菌叢における高頻度存在量時系列の解析とモデル化
2023.12.23,,呉潜雲、佐野幸恵、高安秀樹、Shlomo Havlin、高安美佐子,,ネットワーク科学研究会2023, 同志社大学今出川キャンパス,,TwitterユーザーのCOVID-19ワクチンに対する意見変化へのコミュニティの影響の分析（ポスター講演）
2023.12.23,,Zhong Zhihua、高安秀樹、高安美佐子,,ネットワーク科学研究会2023, 同志社大学今出川キャンパス,,Novel approaches to urban human mobility: a physical analogy of electric circuit network and resulting gravity relations based on GPS data（ポスター講演）
2023.12.5,,Hajime Koike,,Dynamics Days 2023, 東京理科大学神楽坂キャンパス 森戸記念館第1フォーラム,,Bifurcation and hysteresis in a nonlinear transport model on network motifs
2023.11.29,,Rie Maskawa, Lena Takayasu, Hideki Takayasu, Wataru Suda, Misako Takayasu,,日本微生物生体学会　第36回浜松大会, アクトシティ浜松,,Modeling of antibiotic-induced perturbation in gut microbiome
2023.11.4,,高安美佐子, <b>講演</b>,,第47回蔵前科学技術セミナー (オンライン開催),,ビッグデータから見つかる社会・経済の法則とその応用
2023.10.20,,Rie Maskawa;Lena Takayasu;Hideki Takayasu;Rina Kurokawa;Wataru Suda;Misako Takayasu,,Conference on Complex Systems (CCS) 2023, Salvador, Bahia, Brazil,,Fluctuation properties of gut microbiome and development of a noise reduction method
2023.10.20,,Hajime Koike; Hideki Takayasu; Misako Takayasu,,Conference on Complex Systems (CCS) 2023, Salvador, Bahia, Brazil,,Characterization of the hysteresis of the diffusion-localization transition of the gravity interaction model by substructures
2023.10.17,,Yixuan Y. Zheng; Yohei Shida; Misako Takayasu; Hideki Takayasu,,Conference on Complex Systems (CCS) 2023, Salvador, Bahia, Brazil,,Analysis of Human Mobility in Metropolitan Areas Based on Gravity Model using GPS data of smartphones
2023.10.16,,Arthur Matsuo Yamashita Rios de Sousa; Misako Takayasu; Hideki Takayasu,,Conference on Complex Systems (CCS) 2023, Salvador, Bahia, Brazil,,Analysis of up- and down-trends in the foreign exchange market using the epsilon-tau procedure for time series segmentation
2023.10.4,,高安美佐子, <b>講演</b>,,【東京工業大学提携講座】最先端研究が拓く私たちのくらし, HANEDA×PiO交流空間 PiO Park,,ビッグデータによって解明される社会・経済の複雑な現象
2023.9.19,,尾崎順一, 志田洋平, 高安秀樹, 高安美佐子,,日本物理学会 第78回年次大会, 東北大学,,GPSデータを用いたCOVID-19の近接感染モデルV
2023.9.19,,小池元, 高安秀樹, 高安美佐子,,日本物理学会 第78回年次大会, 東北大学,,重力相互作用モデルの拡散局在転移による定常解の分岐III
2023.9.19,,Jiang, Jiwei, 山田健太, 高安秀樹, 高安美佐子,,日本物理学会 第78回年次大会, 東北大学,,時系列データにおけるファットテール分布の特性と拡張されたランダム乗算過程によるモデル化Ⅱ
2023.9.19,,有田凛太郎, 高安秀樹, 高安美佐子,,日本物理学会 第78回年次大会, 東北大学,,ディーラーモデルによる為替介入のシミュレーション
2023.9.19,,鄭軼せん, 志田洋平, 高安秀樹, 高安美佐子,,日本物理学会 第78回年次大会, 東北大学,,重力モデルによる都市圏の人流分析Ⅲ
2023.9.17,,増川理恵, 高安秀樹, 高安伶奈, 黒川李奈, 須田亙, 高安美佐子,,日本物理学会 第78回年次大会, 東北大学,, 腸内細菌叢時系列におけるノイズ除去手法の開発
2023.9.16,,長山慧, 高安秀樹, 高安美佐子,,日本物理学会 第78回年次大会, 東北大学,,取引先の倒産が企業間取引ネットワークに与える影響の定量化
2023.9.16,,Zhong Zhihua, 高安秀樹, 高安美佐子,,日本物理学会 第78回年次大会, 東北大学,,GPSに基づき電気回路モデルによる人口流動分析
2023.9.16,,山田健太, 志田洋平, 高安秀樹, 高安美佐子,,日本物理学会 第78回年次大会, 東北大学,,拡張SEIRモデルによるCovid-19新規感染者数の再現II
2023.9.14,,Misako Takayasu, <b>講演</b>（オンライン）,,XII POLISH SYMPOSIUM ON PHYSICS IN ECONOMICS AND SOCIAL SCIENCES FENS2023, Wroclaw, Poland,,Observation of human flow in urban areas by GPS data and construction of mathematical models
2023.8.11,,Hideki Takayasu, Takuya Wada, Misako Takayasu,,28th International Conference on Statistical Physics (Statphys28), 東京大学本郷キャンパス,,Non-black-box method of extracting dense areas in high dimensional data space: Application to important factors for high growth firms
2023.8.11,,Yixuan Y Zheng, Yohei Shida, Hideki Takayasu, Misako Takayasu,,28th International Conference on Statistical Physics (Statphys28), 東京大学本郷キャンパス,,Analysis of Human Mobility in Metropolitan Areas Based on Gravity Model using GPS data of smartphones
2023.8.11,,Qianyun Wu, Yukie Sano, Hideki Takayasu, Misako Takayasu,,28th International Conference on Statistical Physics (Statphys28), 東京大学本郷キャンパス,,Detection of Endogenous and Exogenous Emotion Bursts in Social Media
2023.8.10,,Kenta Yamada, Yohei Shida, Hideki Takayasu, Misako Takayasu,,28th International Conference on Statistical Physics (Statphys28), 東京大学本郷キャンパス,,Reproduction of the number of new infections of Covid-19 by the extended SEIR model
2023.8.10,,Zhihua Zhong, Hideki Takayasu, Misako Takayasu,,28th International Conference on Statistical Physics (Statphys28), 東京大学本郷キャンパス,,An analysis of human flow patterns using GPS data based on a revised Electric Circuit Model
2023.8.9,,Jun'ichi Ozaki, Yohei Shida, Hideki Takayasu, Misako Takayasu,,28th International Conference on Statistical Physics (Statphys28), 東京大学本郷キャンパス,,First principle modeling of COVID-19 effective reproduction number using GPS data
2023.8.8,,Hajime Koike, Hideki Takayasu, Misako Takayasu,,28th International Conference on Statistical Physics (Statphys28), 東京大学本郷キャンパス,,Hysteresis of the gravity interaction model on the bidirectional triangle
2023.8.8,,Rie Maskawa, Lena Takayasu, Hideki Takayasu, Wataru Suda, Misako Takayasu,,28th International Conference on Statistical Physics (Statphys28), 東京大学本郷キャンパス,,Statistical properties of temporal variation of composition population in the gut microbiome of mice
2023.8.8,,Rintaro Arita, Hideki Takayasu, Misako Takayasu,,28th International Conference on Statistical Physics (Statphys28), 東京大学本郷キャンパス,,Simulation study of the governmental interventions in the foreign exchange market using an extended dealer model
2023.8.8,,Yohei Shida, Jun’ichi Ozaki, Hideki Takayasu, Misako Takayasu,,28th International Conference on Statistical Physics (Statphys28), 東京大学本郷キャンパス,,Potential fields and fluctuations derived from synchronized human flow in metropolises
2023.8.8,,Kay Nagayama, Kazuha Mori, Jun'ichi Ozaki, Hideki Takayasu, Misako Takayasu,,28th International Conference on Statistical Physics (Statphys28), 東京大学本郷キャンパス,,A chain bankruptcy model based on impacts of bankruptcy of business partners
2023.8.8,,Ryosuke Susuta, Kenta Yamada, Hideki Takayasu, Misako Takayasu,,28th International Conference on Statistical Physics (Statphys28), 東京大学本郷キャンパス,, Prediction model of Covid-19 infection spread using blog data and smart phones' GPS data
2023.8.8,,Jiwei Jiang, Kenta Yamada, Hideki Takayasu, Misako Takayasu,,28th International Conference on Statistical Physics (Statphys28), 東京大学本郷キャンパス,,Modeling of Fat-tailed Distribution in Time Series Data by Generalized Random Multiplicative Process
2023.8.7,,Fumihiro Ito, Hideki Takayasu, Misako Takayasu,,28th International Conference on Statistical Physics (Statphys28), 東京大学本郷キャンパス,,Analysis of the relationship between price movements and changes in order-book in a foreign exchange market
2023.7.12,,Qianyun Wu, Yukie Sano, Hideki Takayasu, Shlomo Havlin and Misako Takayasu,,NetSci2023, Vienna, Austria,,Changes of COVID-19 Vaccine Opinions on Twitter: A Combination of Dynamical Network Community Detection and Content-based Analysis
2023.6.7,,尾崎 順一, 志田 洋平, 高安 秀樹, 高安 美佐子,,人工知能学会全国大会(第37回), 熊本城ホール,,首都圏におけるGPSデータを用いたCOVID-19実効再生産数の網羅的なモデリング
2023.3.25,,増川理恵, 高安秀樹 高安伶奈, 須田亙, 高安美佐子,,日本物理学会 2023年春季大会, オンライン開催,,腸内細菌叢における成長率の統計的性質とその数理モデル
2023.3.24,,尾崎順一, 志田洋平, 高安秀樹, 高安美佐子,,日本物理学会 2023年春季大会, オンライン開催,,GPSデータを用いたCOVID-19の近接感染モデルIV
2023.3.24,,長山慧, 高安秀樹, 高安美佐子,,日本物理学会 2023年春季大会, オンライン開催,,複雑ネットワークにおいて検出されるコミュニティの一致性
2023.3.24,,小林祐一朗, 高安秀樹, Shlomo Havlin, 高安美佐子,,日本物理学会 2023年春季大会, オンライン開催,,重力相互作用モデルの拡散局在転移による定常解の分岐II
2023.3.24,,Jiang Jiwei, 山田健太, 高安秀樹, 高安美佐子,,日本物理学会 2023年春季大会, オンライン開催,,時系列データにおけるファットテール分布の特性と拡張されたランダム乗算過程によるモデル化
2023.3.24,,小池元, 高安秀樹, 高安美佐子,,日本物理学会 2023年春季大会, オンライン開催,,重力相互作用モデルの拡散局在転移による定常解の分岐II
2023.3.24,,呉潜雲, 佐野幸恵, 高安秀樹, 高安美佐子,,日本物理学会 2023年春季大会, オンライン開催,,リツイートネットワークにおけるCOVID-19ワクチンに対する意見ダイナミクス
2023.3.24,,Zheng Yixuan, 志田洋平, 高安秀樹, 高安美佐子,,日本物理学会 2023年春季大会, オンライン開催,,重力モデルによる都市圏の人流分析II
2023.3.11,,小池元, 高安秀樹, 高安美佐子,,日本応用数理学会 若手の会 第8回学生研究発表会, 岡山理科大学岡山キャンパス,,重力相互作用モデルの定常解の分岐とヒステリシス
2023.2.21,,尾崎順一, 志田洋平, 高安秀樹, 高安美佐子,,第2回計算社会科学会大会(CSSJ2023) ,,GPSデータを用いたCOVID-19実効再生産数の網羅的なモデル化
2022.11.8,,Rie Maskawa,,The 9th International Human Microbiome Consortium (IHMC) Congress 2022, 神戸ポートピアホテル,,Antibiotic perturbations to the mouse gut microbiome described by the intestinal transit model
2022.11.4,,高安美佐子, <b>講演</b>,,超集積エレクトロニクス研究会, 東京大学生産技術研究所（ハイブリッド開催）,,ビッグデータを用いた社会・経済の物理学の構築 
2022.10.21,,Kay Nagayama, Kazuha Mori, Jun'Ich Ozaki, Hideki Takayasu and Misako Takayasu,,Conference on Complex Systems 2022, Auditorium of Palma de Mallorca Convention Center (Spain),,A chain bankrupcy model based on inter-firm transaction volume
2022.10.19,,Jiang Jiwei, Yamada Kenta, Takayasu Hideki and Takayasu Misako,,Conference on Complex Systems 2022, Auditorium of Palma de Mallorca Convention Center (Spain),,Statistical and Dynamical Properties of Hashtags in Weibo 
2022.10.18,,Rie Maskawa, Lena Takayasu, Wataru Suda, Keiji Watanabe, Hideki Takayasu and Misako Takayasu,,Conference on Complex Systems 2022, Auditorium of Palma de Mallorca Convention Center (Spain),,Analysis of time series of antibiotic-influenced gut microbiome
2022.10.18,,Qianyun Wu, Yukie Sano, Hideki Takayasu and Misako Takayasu,,Conference on Complex Systems 2022, Auditorium of Palma de Mallorca Convention Center (Spain),,A Nonparametric Approach to Detect the Endogenous and Exogenous Emotion Bursts from Long-term Social Media Data
2022.10.18,,Koike Hajime, Hideki Takayasu and Misako Takayasu,,Conference on Complex Systems 2022, Auditorium of Palma de Mallorca Convention Center (Spain),,Hysteresis of the diffusion-localization transition of gravity interaction model on the Japanese business network
2022.10.18,,Jun'Ichi Ozaki, Yohei Shida, Hideki Takayasu and Misako Takayasu,,Conference on Complex Systems 2022, Auditorium of Palma de Mallorca Convention Center (Spain),,Effective reproduction number dependent on daily activity in COVID-19 pandemic with vaccination effect
2022.10.17,,Yohei Shida, Jun'Ichi Ozaki, Hideki Takayasu and Misako Takayasu,,Conference on Complex Systems 2022, Auditorium of Palma de Mallorca Convention Center (Spain),,Temporal change of the potential field in metropolitan areas based on GPS data by analogy with electric circuits
2022.9.27,,Jiwei Jiang,,Roles of heterogeneity in non-equilibrium collective dynamics (RHINO 2022), 東京大学（本郷キャンパス）,,Understanding power-law properties of hashtags in Weibo by generalized random multiplicative process
2022.9.15,,小池元, 高安秀樹, 高安美佐子,,日本物理学会 2022年秋季大会, 東京工業大学（大岡山キャンパス）,,企業間取引ネットワーク上での重力相互作用モデルの拡散局在転移による定常解の分岐
2022.9.15,,Zheng Yixuan, 志田洋平, 高安秀樹, 高安美佐子,,日本物理学会 2022年秋季大会, 東京工業大学（大岡山キャンパス）,,重力モデルによる首都圏の人流解析
2022.9.15,,蒋済蔚, 山田健太, 高安秀樹, 高安美佐子,,日本物理学会 2022年秋季大会, 東京工業大学（大岡山キャンパス）,,Weiboにおけるハッシュタグの統計的および動的特徴
2022.9.15,,呉潜雲, 佐野幸恵, 高安秀樹, 高安美佐子,,日本物理学会 2022年秋季大会, 東京工業大学（大岡山キャンパス）,,日本Twitter上のコロナワクチンに関する集団態度
2022.9.15,,尾﨑順一, 志田洋平, 高安秀樹, 高安美佐子,,日本物理学会 2022年秋季大会, 東京工業大学（大岡山キャンパス）,,GPSデータを用いたCOVID-19の近接感染モデルIII
2022.9.15,,増川理恵, 高安伶奈, 須田亙, 渡邊圭司, 高安秀樹, 高安美佐子,,日本物理学会 2022年秋季大会, 東京工業大学（大岡山キャンパス）,,抗生剤が腸内細菌叢に与える擾乱の定量化と菌叢動態の数理モデリング
2022.9.14,,長山慧, 高安秀樹, 高安美佐子,,日本物理学会 2022年秋季大会, 東京工業大学（大岡山キャンパス）,,企業間取引ネットワークにおいて検出されるコミュニティの一致性
2022.9.14,,山田健太, 高安秀樹, 高安美佐子,,日本物理学会 2022年秋季大会, 東京工業大学（大岡山キャンパス）,,拡張SEIRモデルによるCovid-19新規感染者数の再現
2022.9.14,,煤田遼祐, 山田健太, 高安秀樹, 高安美佐子,,日本物理学会 2022年秋季大会, 東京工業大学（大岡山キャンパス）,,時系列データに対する回帰分析のための変数選択手法
2022.9.6,,尾崎順一, 志田洋平, 高安秀樹, 高安美佐子,,電子情報通信学会2022年ソサイエティ大会, （オンライン開催）,,GPSデータを用いたCOVID-19 の市中感染モデル
2022.8.26,,Qianyun Wu, Yukie Sano, Hideki Takayasu, Misako Takayasu,,Econophysics Colloquium 2022（オンライン開催）,,Classifying the Endogenous and Exogenous Bursts: An Empirical Study on Weibo Comments for Six-class Emotion Burst Detection
2022.8.24,,志田洋平, <b>講演</b>,,ネットワーク科学研究会2022, 同志社大学 今出川キャンパス 良心館,,電気回路から類推した都市内人流の近似
2022.7.27,,Hajime Koike, Hideki Takayasu, and Misako Takayasu,,NetSci 2022（オンライン開催）,,Diffusion localization transition on Japanese business network
2022.3.30,,高安美佐子, <b>講演</b>,,AMED技術交流会 （イイノホール＆カンファレンスセンター）,,ビッグデータを活用した現象のモデリング
2022.3.17,,増川理恵, 高安伶奈, 須田亙, 高安秀樹, 高安美佐子,,日本物理学会 第77回年次大会 （オンライン開催）,,抗生剤による腸内細菌叢の遷移と相互作用の数理モデル
2022.3.16,,尾崎順一, 志田洋平, 高安秀樹, 高安美佐子,,日本物理学会 第77回年次大会 （オンライン開催）,,GPSデータを用いたCOVID-19の近接感染モデルII
2022.3.16,,森万葉, 高安秀樹, 高安美佐子,,日本物理学会 第77回年次大会 （オンライン開催）,,企業間取引ネットワークデータに基づく連鎖倒産モデルの構築とデータ解析による考察
2022.3.16,,志田洋平, 尾崎順一, 高安秀樹, 高安美佐子,,日本物理学会 第77回年次大会 （オンライン開催）,,電気回路のアナロジーによる都市内人流のポテンシャル場
2022.3.16,,小池元, 高安秀樹, 高安美佐子,,日本物理学会 第77回年次大会 （オンライン開催）,,重力相互作用モデルの部分的な局在解の特性
2022.3.16,,渡利広希, 高安秀樹, 高安美佐子,,日本物理学会 第77回年次大会 （オンライン開催）,,多変量Hawkes過程を用いた超高速取引トレーダーの注文頻度解析
2021.11.10,,高安美佐子, <b>講演</b>,,理研・未来戦略室フォーラム　人と海洋の未来 vol.2 （オンライン開催）,,
2021.11.6,,高安美佐子, <b>講演</b>,,第16回四大学連合文化講演会 （オンライン開催）,,ビッグデータが解明する社会に潜む法則性
2021.10.28,,Hajime Koike, Hideki Takayasu and Misako Takayasu,,CCS2021-Satellite on Econophysics 2021, Lyon, France/Online,,Economic Zone Delineation Using Inter-Firm Transaction Data
2021.10.26,,Jun'Ichi Ozaki, Yohei Shida, Hideki Takayasu, and Misako Takayasu,,Conference on Complex Systems 2021, Lyon, France/Online,,Infection rate analysis at each daily activity under COVID-19 pandemic using human mobility data
2021.9.21,,呉潜雲, 佐野幸恵, 高安秀樹, 高安美佐子,,日本物理学会 2021年秋季大会 （オンライン開催）,,新型コロナ禍の期間に中国SNSユーザーにおける投稿行動分析
2021.9.21,,尾崎順一, 志田洋平, 高安秀樹, 高安美佐子,,日本物理学会 2021年秋季大会 （オンライン開催）,,GPSデータを用いたCOVID-19の近接感染モデル
2021.9.21,,和田拓也, 大里隆也, 住山文隆, 高安秀樹, 高安美佐子,,日本物理学会 2021年秋季大会 （オンライン開催）,,大規模データによる企業の急成長要因の分析
2021.9.21,,小池元, 佐野幸恵, 高安秀樹, 高安美佐子,,日本物理学会 2021年秋季大会 （オンライン開催）,,企業間取引と企業位置情報を利用した経済圏域画定手法
2021.9.21,,渡利広希, 高安秀樹, 高安美佐子,,日本物理学会 2021年秋季大会 （オンライン開催）,,拡張ポアソン過程を用いた金融市場のトレーダー別注文頻度解析
2021.9.22,,増川理恵, 高安伶奈, 須田亙, 高安秀樹, 高安美佐子,,日本物理学会 2021年秋季大会 （オンライン開催）,,腸内細菌叢のデータ解析と相互作用の数理モデル
2021.9.23,,志田洋平、尾崎順一, 高安秀樹, 高安美佐子,,日本物理学会 2021年秋季大会 （オンライン開催）,,電気回路のアナロジーによる人流ポテンシャルの導出
2021.9.7,,渡利広希, 高安秀樹, 高安美佐子,,高頻度データ国内コンファレンス （オンライン開催）,,外国為替市場超高速取引トレーダーの注文頻度分析による非マルコフ的特性
2021.3.13,,呉潜雲, 佐野幸恵, 高安秀樹, 高安美佐子,,日本物理学会　第76回年次大会 （オンライン開催）,,中国SNSを用いた新型コロナ禍における集団間感情バースト分析
2021.3.13,,尾崎順一, 高安秀樹, 高安美佐子,,日本物理学会　第76回年次大会 （オンライン開催）,,非ジブラ則を満たす企業間取引の時間発展モデル
2021.3.13,,小池元, 高安秀樹, 高安美佐子,,日本物理学会　第76回年次大会 （オンライン開催）,,企業間取引における重力相互作用モデルの拡散局在転移点のネットワークトポロジーに対する依存性の考察
2021.3.13,,森万葉, 尾崎順一, 高安秀樹, 高安美佐子,,日本物理学会　第76回年次大会 （オンライン開催）,,連鎖倒産モデルにおいて起点企業を変更したときの相転移点の変化
2021.3.13,,渡利広希, 高安秀樹, 高安美佐子,,日本物理学会　第76回年次大会 （オンライン開催）,,外国為替市場での注文タイプ別短期トレンドフォロー分析
2021.3.13,,志田洋平, 高安秀樹, 高安美佐子,,日本物理学会　第76回年次大会 （オンライン開催）,,GPSデータを用いたコロナ禍における人流パターン解析
2021.3.11,,高安美佐子, <b>基調講演</b>,,2021年電子情報通信学会総合大会　プレナリーセッション （オンライン開催）,,ビッグデータに基づく社会・経済の科学とその応用
2021.3.5,,高安美佐子, <b>講演</b>,,NTT宇宙環境エネルギー研究所講演会 （オンライン開催）,,ビッグデータ分析を通した社会・経済現象の観測とモデリング
2020.12.9,,Yohei Shida, Hideki Takayasu, Shlomo Havlin and Misako Takayasu,, URBAN COMPLEX SYSTEMS 2020 （オンライン開催）,,Scaling Laws of Synchronized Human Movements in Metropolitan Areas using GPS Data
2020.12.3,,高安美佐子,<b>講演</b>,,東工大 科学技術創成研究院 研究院公開2020（オンライン開催）,,コロナ感染拡散における社会・経済現象の観測とモデルによる将来予測
2020.11.10,,高安美佐子,<b>講演</b>,,東工大 World Research Hub Initiative (WRHI) オンライン国際シンポジウム（オンライン開催）,,コロナ感染拡散における社会・経済現象の観測とモデルによる将来予測
2020.9.11,,森万葉, 尾崎順一, 高安秀樹, 高安美佐子,,日本物理学会　2020年秋季大会 （オンライン開催）,,連鎖倒産モデルの提案
2020.9.11,,志田洋平, 高安秀樹, 高安美佐子,,日本物理学会　2020年秋季大会 （オンライン開催）,,人流類似度の提案による日にちの自動分類
2020.9.11,,渡利広希, 高安秀樹, 高安美佐子,,日本物理学会　2020年秋季大会 （オンライン開催）,,ポジションを考慮したディーラーモデルに基づく外国為替市場シミュレーション
2020.9.11,,尾崎順一, 高安秀樹, 高安美佐子,,日本物理学会　2020年秋季大会 （オンライン開催）,,売上変動の企業間取引を介した波及効果の推定
2020.9.11,,迫田元, 高安秀樹, 高安美佐子,,日本物理学会　2020年秋季大会 （オンライン開催）,,コンビニ販売データに見られる対数一様分布
2020.9.11,,呉潜雲, 佐野幸恵, 高安秀樹, 高安美佐子,,日本物理学会　2020年秋季大会 （オンライン開催）,,新型ウイルス肺炎、中国SNSでの反応は? 1000万のWeiboコメントによる研究
2020.9.11,,佐野幸恵, 高安秀樹, 高安美佐子,,日本物理学会　2020年秋季大会 （オンライン開催）,,COVID-19影響下における集合的感情の変化
2020.9.8,,小池元, 高安秀樹, 高安美佐子,,日本物理学会　2020年秋季大会 （オンライン開催）,,企業ネットワーク上の非線形輸送の転移点を下げるネットワーク構造
2020.9.8,,釜屋涼太, 高安秀樹, 高安美佐子,,日本物理学会　2020年秋季大会 （オンライン開催）,,企業信用データを用いた中小規模企業の成長要因分析
2020.8.27,,高安美佐子,<b>講演</b>,,東工大 物質・情報卓越教育院　第1回最先端研究セミナー（Zoomによるオンライン開催）,,ビッグデータで見る社会現象
2020.3.19,,釜屋涼太,,日本物理学会　第75回年次大会 （オンライン開催）,,企業間取引ネットワークにおける地域構造の解析
2020.3.19,,塩田智, 高安美佐子, 高安秀樹,,日本物理学会　第75回年次大会 （オンライン開催）,,高頻度時系列データを用いた変化点検出方法の提案
2020.3.19,,新井琢己, 高安美佐子, 高安秀樹,,日本物理学会　第75回年次大会 （オンライン開催）,,外国為替市場参加者の発注行動モデルに対するパラメタ推定
2020.3.19,,高市恵汰, 高安美佐子, 高安秀樹, 山田健太,,日本物理学会　第75回年次大会 （オンライン開催）,,ブログデータを用いたブランド企業価値評価モデルの提案
2020.3.19,,志田洋平, 高安秀樹, 高安美佐子,,日本物理学会　第75回年次大会 （オンライン開催）,,GPSデータを用いた人流パターンの自動分類
2020.3.19,,高安秀樹, 迫田元, 高安美佐子,,日本物理学会　第75回年次大会 （オンライン開催）,,コンビニ小売りデータに見られる対数一様分布
2020.3.19,,盛田健人, 山田健太, 高安秀樹, 高安美佐子,,日本物理学会　第75回年次大会 （オンライン開催）,,ブログ空間におけるブロガーの投稿間隔の解析とモデル化
2020.3.16,,寺田一輝, 高安秀樹, 高安美佐子,,日本物理学会　第75回年次大会 （オンライン開催）,,機械学習による企業成長予測
2020.3.16,,奥富航, 高安秀樹, 高安美佐子,,日本物理学会　第75回年次大会 （オンライン開催）,,企業間取引ネットワーク情報を用いた売上寄与率の計算方法の提案と応用
2020.3.16,,小林祐一朗, 高安秀樹, 高安美佐子,,日本物理学会　第75回年次大会 （オンライン開催）,,日本企業の規模変数3個の3次元確率過程における時間相関の特徴づけ
2020.3.16,,尾崎順一, 高安秀樹, 高安美佐子,,日本物理学会　第75回年次大会 （オンライン開催）,,流れにおける拘束条件を考慮した企業間取引額の推定
2020.2.10,,高安美佐子, <b>講演</b>,,第１回 東京工業大学 国際オープンイノベーションシンポジウム2020, 東京国際フォーラム（東京）,,Advanced Data Analysis and Modeling Unit
2020.1.20,,高安美佐子, <b>招待講演</b>,,NetSci-X 2020, 早稲田大学国際会議場 井深大記念ホール（東京）,,Modeling of the business transaction network in Japan and its practical applications
2020.1.30,,Gen Sakoda, Hideki Takayasu, Misako Takayasu,,ICESMFA 2020, Istanbul, Turkey,,Retail Strategy to Reduce Waste Keeping High Profit Utilizing Taylor's Law in Point-of-Sales Data
2019.12.10,,高安美佐子, <b>講演</b>,,Huawei交流会, Huawei 横浜研究所（横浜）,,Big-Data Analysis and Modeling from Econophysics view
2019.12.8,,高安美佐子, <b>基調講演</b>,,第11回 一橋大学・東京工業大学合同移動講座 in 名古屋, 名古屋マリオットアソシアホテル（名古屋）,,ビッグデータから見える社会の現象
2019.10.10,,高安美佐子, <b>講演</b>,,東京工業大学総務部広報・社会連携課基金室主催　懇談会, 蔵前会館２階　大会議室（東京）,,社会のビッグデータから見えること
2019.9.13,,新井琢己, 高安秀樹, 高安美佐子,,日本物理学会2019年秋季大会,岐阜大学,,ディーラーモデルを用いた外国為替市場における最適戦略の推定
2019.9.11,,佐野幸恵, 高安秀樹, Shlomo Havlin, 高安美佐子,,日本物理学会2019年秋季大会,岐阜大学,,ソーシャルメディアから抽出した感情の周期性と長期記憶
2019.9.10,,尾崎順一, 高安秀樹, 高安美佐子,,日本物理学会2019年秋季大会,岐阜大学,,企業間取引ネットワークにおけるショックとレジリエンスのシミュレーション
2019.9.10,,小林祐一朗, 高安秀樹, 高安美佐子,,日本物理学会2019年秋季大会,岐阜大学,,日本企業の規模変数間スケーリング則の時系列業績データに基づく再現モデル構築
2019.9.10,,迫田元, 高安秀樹, 高安美佐子,,日本物理学会2019年秋季大会,岐阜大学,,テイラースケーリング則に従う非定常ポアソン時系列のパラメータ推定方法
2019.5.7,,Yuichiro Kobayashi,,Statistical Physics of Complex Systems, Stockholm, Sweden,,Evolution of Business Firms towards a Stable Scaling Function in a 3-D Phase Space
2019.3.14,,小林祐一朗, 高安秀樹, 高安美佐子,,日本物理学会第74回年次大会,九州大学,,日本企業の網羅的データを全面利用した企業業績の時間発展シミュレーション
2019.3.14,,尾崎順一、高安秀樹、高安美佐子,,日本物理学会第74回年次大会,九州大学,,地域性を取り入れた企業間取引ネットワークのモデル化
2019.3.14,,志田洋平, 高安秀樹, 高安美佐子,,日本物理学会第74回年次大会,九州大学,,GPSデータを用いた人の流動解析と数理モデリング
2019.3.14,,金澤輝代士,  高安秀樹, 高安美佐子,,日本物理学会第74回年次大会,九州大学,,金融市場のボルツマン方程式の解析解と直接数値計算
2019.3.14,,髙木英美子、山田健太、高安秀樹、Shlomo Havlin、高安美佐子,,日本物理学会第74回年次大会,九州大学,,文書の類似度ネットワークを用いたトピック分類
2019.2.23,,高安美佐子, <b>招待講演</b>,,蔵前工業会第40回科学技術セミナー, 川崎商工会議所（川崎）,,ビッグデータ解析とモデリング研究の最前線
2018.11.22,,高安美佐子, <b>招待講演</b>,,日本IBM技術者コミュニティTEC-J, 日本アイ・ビー・エム　箱崎本社事業所（東京）,,ビッグデータを活用した社会・経済現象のモデリング
2018.10.12,,高安美佐子, <b>講演</b>,,科学技術創成研究院　研究公開2018, 東京工業大学　すずかけ台キャンパス（横浜）,,ビッグデータに基づく社会・経済現象のモデリング
2018.9.28,,Kiyoshi Kanazawa, Takumi Sueshige, Hideki Takayasu, Misako Takayasu,,Conference on Complex Systems 2018, Thessaloniki, Greece,,Kinetic theory and Boltzmann equation for financial market microstructure
2018.9.28,,Yuh Kobayashi, Hideki Takayasu, Misako Takayasu,,Conference on Complex Systems 2018, Thessaloniki, Greece,,Evolution of Companies towards Scaling in 3-Dimensional State Space: Visualization by Evolutionary Flow Diagrams
2018.9.28,,Jun'Ichi Ozaki, Hideki Takayasu, Misako Takayasu,,Conference on Complex Systems 2018, Thessaloniki, Greece,,Linear Stability Analysis of Money Flow in Inter-firm Trading networks: Exact Diagonalization
2018.9.25,,Kenta Yamada, Hideki Takayasu, Misako Takayasu,,Conference on Complex Systems 2018, Thessaloniki, Greece,,Estimation of economic indicator from big blog data 
2018.9.14,,Takumi Sueshige,,Econophysics Colloquium 2018,Palermo, Italy,,Ecology of trading strategies on the basis of the response pattern to historical market trends
2018.9.14,,Kiyoshi Kanazawa,,Econophysics Colloquium 2018,Palermo, Italy,,Trading-log Analysis of Individual Traders: Microscopic Kinetic Theory for Financial Brownian Motion
2018.9.13,,Jun'Ichi Ozaki,,Econophysics Colloquium 2018,Palermo, Italy,,Dynamical model of Japanese inter-firm trading network: for GDP simulation
2018.9.12,,新井琢己, 高安秀樹, 高安美佐子,,日本物理学会2018年秋季大会,同志社大学,,指数移動平均PUCKモデルの粒子フィルタを用いた為替市場の変化点検出
2018.9.12,,奥富航、尾崎順一, 高安秀樹, 高安美佐子,,日本物理学会2018年秋季大会,同志社大学,,重力モデルを用いた企業倒産によるお金の流れの変化の推定
2018.9.11,,高木英美子, 山田健太、高安秀樹, Shlomo Havlin, 高安美佐子,,日本物理学会2018年秋季大会,同志社大学,,文書の類似度ネットワークを用いたカテゴリー識別の定量的評価
2018.9.9,,小林祐一朗, 高安秀樹, 高安美佐子,,日本物理学会2018年秋季大会,同志社大学,,平均流ダイアグラムから見る日本企業の時間発展とスケーリング則
2018.9.9,,末重拓己, 金澤輝代士, 高安秀樹, 高安美佐子,,日本物理学会2018年秋季大会,同志社大学,,金融市場におけるトレーディング戦略の生態系分析
2018.9.9,,山田健太、高安秀樹, 高安美佐子,,日本物理学会2018年秋季大会,同志社大学,,大規模ブログデータを用いた経済指標の推定
2018.9.9,,佐野幸恵, Orr Levy、高安秀樹, Shlomo Havlin, 高安美佐子,,日本物理学会2018年秋季大会,同志社大学,,フェイクニュース伝播ネットワークの構造的異質性
2018.9.9,,盛田健人, 山田健太、高安秀樹, 高安美佐子,,日本物理学会2018年秋季大会,同志社大学,,ブログ空間上におけるブロガーの投稿間隔と興味の変遷
2018.6.5,,高安美佐子, <b>招待講演</b>,,Capital Fund Management社セミナー, ザ・ペニンシュラ東京（東京）,,社会・経済に役立つ物理学：金融市場へのアプローチ
2018.3.24,,佐野幸恵, Orr Levy, 高安秀樹, Shlomo Havlin, 高安美佐子,,日本物理学会第73回年次大会,東京理科大学,,正しい情報と誤情報における拡散ネットワークの統計的解析
2018.3.25,,迫田元, 高安秀樹, 高安美佐子,,日本物理学会第73回年次大会,東京理科大学,,非定常時系列のパラメータ推定手法とそのPOSデータへの応用
2018.3.25,,尾崎順一, 高安秀樹, 高安美佐子,,日本物理学会第73回年次大会,東京理科大学,,企業間取引ネットワーク構造を用いた企業成長予測
2018.3.25,,小林祐一朗, 高安秀樹, 高安美佐子,,日本物理学会第73回年次大会,東京理科大学,,日本企業の確率的時間発展と企業サイズ分布の安定性
2018.3.25,,志田洋平, 田村光太郎,高安秀樹, 高安美佐子,,日本物理学会第73回年次大会,東京理科大学,,大規模GPSデータを用いた人の流動解析
2018.3.25,,Jean-Francois Boilard, Kiyoshi Kanazawa, Hideki Takayasu, Misako Takayasu,,日本物理学会第73回年次大会,東京理科大学,,Numerical Simulation of the Market Event Scaled Relations in the Foreign Currency Market
2018.3.25,,金澤輝代士, 末重拓己, 高安秀樹, 高安美佐子,,日本物理学会第73回年次大会,東京理科大学,,金融市場のミクロモデルと平均場解析
2018.2.23,,高安美佐子, <b>招待講演</b>,,富士通研究所（東京）,,「未来観測所」からみた日本の現在と未来
2017.9.21,,末重拓己, 金澤輝代士, 高安秀樹, 高安美佐子,,日本物理学会2017年秋季大会,岩手大学,,外国為替市場の個々のトレーダーの短期トレンドフォロー解析
2017.9.21,,田村光太郎,高安秀樹, 高安美佐子,,日本物理学会2017年秋季大会,岩手大学,,複雑ネットワーク上の非線形重力型輸送の平均場近似による転移点の評価
2017.9.21,,尾崎順一, 高安秀樹, 高安美佐子,,日本物理学会2017年秋季大会,岩手大学,,モデル化された企業間取引ネットワークにおける相転移現象
2017.9.21,,Jean-Francois Boilard, Kiyoshi Kanazawa, Hideki Takayasu, Misako Takayasu,,日本物理学会2017年秋季大会,岩手大学,,Hazard Function of Market Events in Foreign Currency Market
2017.9.23,,高木英美子, 田村光太郎, 山田健太, 高安秀樹, Shlomo Havlin, 高安美佐子,,日本物理学会2017年秋季大会,岩手大学,,文書間の類似度から構成される情報拡散ネットワークにおけるカテゴリー識別
2017.9.23,,小林祐一朗, 高安秀樹, 高安美佐子,,日本物理学会2017年秋季大会,岩手大学,,日本企業の大規模時系列データを用いた企業成長パターンの抽出
2017.9.24,,佐野幸恵, 高安秀樹, 高安美佐子,,日本物理学会2017年秋季大会,岩手大学,,ソーシャルメディアにおける大衆感情の周期性
2017.9.16,,高安美佐子, <b>招待講演</b>,,JAWS 2017 ワークショップ,鴨川ホテル三日月(千葉県鴨川市),,企業取引関係のモデリングとシステムに起因するリスクの解明
2017.9.14,,高安美佐子, <b>講演</b>,,東京工業大学 ヒューマンインターフェースとビッグデータ解析ワークショップ,品川センタービルディング（東京）,,「未来観測所」からみた日本企業の現在と未来
2017.8.25,,高安美佐子, <b>講演</b>,,京×データサイエンス シンポジウム,丸ビルホール（東京）,,「未来観測所」から見える日本企業の現状と未来：「京」をつかって
2017.7.12,,Misako Takayasu, <b>Invited Talk</b>,,International Conference on ΣΦ conference,Corfu-Greece,,Growth dynamics of complex business firms network,,
2017.7.5,,Misako Takayasu, <b>Invited Talk</b>,,13th Econophysics Colloquium & 9th Polish Symposium on Physics in Economy and Social Sciences,Warsaw,,Business firms networks:From basic properties to advanced application,,
2017.6.19,,Misako Takayasu, <b>Invited Talk</b>,,2ND Workshop on Statistical Physics for Financeal and Economic Networks NetSci2017,China,,Dynamical Properties of Monetary Flow on Business Transaction Networks,,
2017.6.16,,Matsuko Hatano, Satoshi Matsuoka, Misako Takayasu, <b>IDEASLAB Session talk</b>,,Annual Meeting of the New Champions 2017, World Economic Forum (Davos 2017) ,China,,Sensors, Simulations and Supercomputing with Tokyo Institute of Technology,,
2017.6.16,,Misako Takayasu, <b>Invited Talk</b> ,,Annual Meeting of the New Champions 2017, World Economic Forum (Davos 2017),China,,Rethinking Economics for the Real World,,
2017.5.29,,Misako Takayasu, <b>Invited Talk</b>,,International Conference on Econophysics,East China University of Science and Technology, Shanghai, China,,Modeling B-to-B transaction networks:Structure,flow and advanced applications
2017.3.20,,高木英美子, 田村光太郎, 山田健太, 高安秀樹, 高安美佐子,,日本物理学会2016年秋季大会,大阪大学,,文書間の類似度から構成されるブログ空間における情報拡散ネットワーク
2017.3.20,,小林祐一朗, 高安秀樹, 高安美佐子,,日本物理学会2016年秋季大会,大阪大学,,日本企業における企業状態3変数のスケーリング則と時系列から見るその動的起源
2017.3.20,,亀井英人, 高安秀樹, 樺島祥介, 高安美佐子,,日本物理学会2016年秋季大会,大阪大学,,企業財務データを用いた倒産予測モデルと変数選択
2017.3.20,,Jean-Francois Boilard, Kiyoshi KanazawaHideki Takayasu, Misako Takayasu,,日本物理学会2016年秋季大会,大阪大学,,Scaling relation between cancellation and submission rates in foreign currency market
2017.3.20,,金澤輝代士, 末重拓己, 高安秀樹, 高安美佐子,,日本物理学会2016年秋季大会,大阪大学,,外国為替市場のミクロ動力学の分析：ミクロからマクロへ
2017.3.20,,末重拓己, 金澤輝代士, 高安秀樹, 高安美佐子,,日本物理学会2016年秋季大会,大阪大学,,外国為替市場におけるトレンド発生時の注文分布変化
2017.3.11,,Kiyoshi Kanazawa, Takumi Sueshige, Hideki Takayasu, Misako Takayasu,,Econophysics and Econometric Analysis Based on the EBS data sets,,Application of Molecular Kinetic Theory to Financial Brownian Motion
2017.3.10,,Kiyoshi Kanazawa, Takumi Sueshige, Hideki Takayasu, Misako Takayasu,,ジャムドマターの非ガウスゆらぎとレオロジー,,Application of the kinetic theory to reveal the non-Gaussianity in finance
2017.3.7,,金澤輝代士，末重拓己，高安秀樹，高安美佐子,,統計物理学懇談会,,金融市場のブラウン運動のミクロ導出の試み：分子運動論の数理の応用
2017.3.5,,Misako Takayasu, <b>Invited Talk</b>,,International Workshop on Dynamic Risk Management of Transport Network,Tokyo Institute of Technology,,Dynamical Money Transport on One Million Business Transaction Network
2016.12.13,,Misako Takayasu, <b>Invited Talk</b>,,APCTP 2016 Workshop on Frontiers of Physics,,Generalized Central Limit Theorem for Randomly Growing Aggregates
2016.11.24,,シュロモ・ハブリン,,帝国データバンクの共催シンポジウム,東京工業大学,,ネットワーク科学：ビッグデータを理解するための基盤
2016.11.24,,ディディエ・ソネット,,帝国データバンクの共催シンポジウム,東京工業大学,,ビッグデータの弱点：頻度の低い巨大事象に注意せよ
2016.11.24,,高安美佐子,,帝国データバンクの共催シンポジウム,東京工業大学,,TDB企業データを用いたネオGDPの計算＋日本の未来を見る
2016.11.18,,Misako Takayasu,,School of Mathmatical Sciences, Faculty of Science and Technology,University Kebangsaan Malaysia,,Social media analysis
2016.11.16,,Misako Takayasu, <b>Plenary Talk</b>,,ICMS4(THE 4TH INTERNATIONAL CONFERENCE ON MATHEMATICAL SCIENCES),,Complex Network of Business Firms From Basic Properties to Advanced Applications
2016.11.14,,Misako Takayasu,,ICMS4(THE 4TH INTERNATIONAL CONFERENCE ON MATHEMATICAL SCIENCES),,Complex Networks:Fractals and Power Law
2017.11.10,,金澤輝代士，末重拓己，高安秀樹，高安美佐子,,第59回自動制御連合講演会,,多体確率過程論を用いた外国為替市場の記述
2016.11.4,,Misako Takayasu,,Imperial College London- Tokyo Tech joint workshop on biosicence and its interface with technology,,Introduction of Advanced Data Analysis and Modeling Unit(ADAM)
2016.09.29.,,高安美佐子 <B>招待講演</B>,,平成２８年度第一回分析評価勉強会,,ビッグデータ解析（応用編）
2016.09.29.,,田村光太郎 <B>招待講演</B>,,平成２８年度第一回分析評価勉強会,,ビッグデータ解析（基礎編）
2016.09.19.,,Misako Takayasu <B>Invited Talk: Keynote Speaker</B>,,The Conference on Complex Systems 2016, Amsterdam,,Modeling & Application of Transaction Network of Real Business Firms
2016.9.19,,Arthur Matsuo Yamashita Rios de  Sousa, Hideko Takayasu,  Misako Takayasu,,Conference on Complex Systems 2016,,Using statistical symmetries to characterize binary time series of the foreign exchange market
2016.9.16,,近藤洋平, 高安秀樹, 高安美佐子,,日本物理学会2016年秋季大会,金沢大学,,行列分解を用いたネットワークの特徴付け
2016.9.16,,小林祐一朗, 高安秀樹, 高安美佐子,,日本物理学会2016年秋季大会,金沢大学,,日本企業の大規模時系列データを用いた企業状態変数の軌道の解析
2016.9.16,,村上優太, 高安秀樹, 高安美佐子,,日本物理学会2016年秋季大会,金沢大学,,日本の企業間取引ネットワークにおける輸送と成長の関係
2016.9.15,,田村光太郎, 高安秀樹, 高安美佐子,,日本物理学会2016年秋季大会,金沢大学,,ネットワーク上の重力型輸送における分配比率の特性
2016.9.15,,河本弘和, 高安秀樹, 高安美佐子,,日本物理学会2016年秋季大会,金沢大学,,企業間ネットワークにおけるパーコレーション転移
2016.9.13,,亀井英人, 高安秀樹, 樺島祥介, 河本弘和, 後藤隼人, 村上優太, 高安美佐子,,日本物理学会2016年秋季大会,金沢大学,,倒産予測と企業間ネットワーク
2016.09.12.,,Misako Takayasu, <B>Invited Talk: Plenaly Speaker</B>,,Uppsala University Angstrom Labratory,,Big Data Analysis and Modeling for Super Smart Society
2016.09.08.,,Misako Takayasu, <B>Invited Talk: Plenaly Speaker</B>,,6th IFAC Workshop on Distributed Estimation and Control in Networked System,,Instability of Nationwide Business Transaction Network
2016.08.31.,,高安美佐子,,異常拡散現象をめぐる最近の進展、慶応義塾大学日吉キャンパス,,企業ネットワークにおける異常拡散
2016.08.31.,,金澤輝代士,,異常拡散現象をめぐる最近の進展、慶応義塾大学日吉キャンパス,,外国為替市場のミクロ構造：データ解析からミクロ理論まで
2016.8.26,,Hideto Kamei, Hideki Takayasu, Yoshiyuki Kabashima, Hirokazu Kawamoto, Hayato Goto, Yuta Murakami and Misako Takayasu,,Asia-Pacific Econophysics Conference 2016,東京大学,,Bankruptcy Prediction with Interfirm Network Structure
2016.08.25.,,Kiyoshi Kanazawa , Takumi Sueshige, Hideki Takayasu, and Misako Takayasu,,APEC 2016 in Tokyo University,,Kinetic description of the foreign exchange markets
2016.8.25,,Koutarou Tamura, Hideki Takayasu and Misako Takayasu,,Asia-Pacific Econophysics Conference 2016,東京大学,,Estimation of sales-change caused by structural change of an interfirm trading network and its verification 
2016.8.24,,Hirokazu Kawamoto, Hideki Takayasu and Misako Takayasu,,Asia-Pacific Econophysics Conference 2016,東京大学,,Extinction of Links and Resulting Percolation in a Japanese Business Relation Network
2016.8.24,,Yohei Kondo, Hideki Takayasu and Misako Takayasu,,Asia-Pacific Econophysics Conference 2016,東京大学,,Structure of Japanese Inter-firm Multiplex Networks
2016.8.24,,Yuh Kobayashi, Hideki Takayasu and Misako Takayasu,,Asia-Pacific Econophysics Conference 2016,東京大学,,Tracking Firm State Variables through Long Time-Series Data of Japanese Firms
2016.8.24,,Yuta Murakami, Hideki Takayasu and Misako Takayasu,,Asia-Pacific Econophysics Conference 2016,東京大学,,Growth Model of Japanese Inter-firm Trading Network with Money Transport
2016.5.28,,田村光太郎,,経済物理学セミナー,森の家（久野屋）＠河口湖,,企業間ネットワーク上の非線形輸送モデル
2016.03.21.,,金澤輝代士 <B>招待講演</B>,,第10回若手奨励賞受賞講演，東北学院大学,,非ガウス型ノイズに駆動されるランジュバン方程式の理論
2015.12.08.,,金澤輝代士 <B>招待講演</B>,,粉体工学会 『計算粉体力学研究会』，同志社大学,,粉体ガス中のローター動力学：非ガウス揺らぎの微視的導出
2015.11.05.,,Misako Takayasu <B>Invited Talk</B>,,Fens2015(8th Polish Symposium on Econo-and Sociophysics), Rzeszow, Poland,,Analysis and modeling of complex business relation network,,,,,,
2015.10.22.,,Misako Takayasu <B>Invited Talk</B>,,The Latin-America School and International Workshop on Foundations of Complexity-Nonadditive entropies and nonextensive statistical mechanics, Rio de Janeiro, Brazil,,Various power laws in business firms and evolution dynamics of their trading network,,,,,,
2015.09.20.,,高安美佐子, <b>招待講演</b>,,宇宙から脳まで 自然科学研究の”ビッグバン”－コンピュータが切り開く自然科学の未来―、名古屋大学,,ビッグデータと数理モデル：経済物理学の先端で
2015.09.18.,,田村光太郎,高安秀樹,高安美佐子,,日本物理学会2015年秋季大会,関西大学千里山キャンパス,,複雑ネットワークから抽出される流路分岐構造の特徴づけ
2015.09.18.,,河本弘和,高安秀樹,高安美佐子,,日本物理学会2015年秋季大会,関西大学千里山キャンパス,,企業間取引ネットワーク上の重み付きパーコレーション
2015.09.18.,,後藤隼人,高安秀樹,高安美佐子,,日本物理学会2015年秋季大会,関西大学千里山キャンパス,,生成、消滅、凝集を考慮したネットワーク成長モデルのパラメータ依存性の解析
2015.09.18.,,Boilard Jean-Francois, Hideki Takayasu, Misako Takayasu,,The Physical Society of Japan,Kansai University Senriyama Campus,,Cancellation Orders in Foreign Currency Market
2015.09.18.,,福永岳,高安秀樹,高安美佐子,,日本物理学会2015年秋季大会,関西大学千里山キャンパス,,コンビニエンスストアのPOSデータを用いた販売数時系列のゆらぎの解析
2015.09.18.,,用害愛希,田村光太郎,高安秀樹,高安美佐子,,日本物理学会2015年秋季大会,関西大学千里山キャンパス,,企業ネットワークにおける重力相互作用モデルの検証
2015.09.18.,,Yamashita Rios De Sousa,Arthur Matsuo, Hideki Takayasu, Misako Takayasu,,The Physical Society of Japan,Kansai University Senriyama Campus,,Irreversibility in the Foreign Exchange Market
2015.09.18.,,Khan Md. Mahfuzus Salam, Yoshihiro Yura, Hideki Takayasu, Misako Takayasu,,The Physical Society of Japan,Kansai University Senriyama Campus,,Developing a market status indicator tool for financial market by applying PUCK model
2015.09.18.,,末重拓己,高安秀樹,高安美佐子,,日本物理学会2015年秋季大会,関西大学千里山キャンパス,,マイクロ-ストラクチャノイズを利用した外国為替市場の変化点検出
2015.09.17.,,濱野倫弥,金澤輝代士,高安秀樹,高安美佐子,,日本物理学会2015年秋季大会,関西大学千里山キャンパス,,市場参加者数の変動を考慮した開放系ディーラーモデル
2015.09.17.,,村上優太,高安秀樹,高安美佐子,,日本物理学会2015年秋季大会,関西大学千里山キャンパス,,ネットワーク成長の優先的選択則とネットワーク上の輸送の関係性
2015.09.14.,,Koutarou Tamura, Hideki Takayasu, Misako Takayasu,,Econophysics Colloquium 2015, Prague, Czech Republic,,Exposing basin structures embedded in a complex network
2015.09.14.,,Boilard Jean-Francois, Hideki Takayasu, Misako Takayasu,,Econophysics Colloquium 2015, Prague, Czech Republic,,Cancellation Orders and Market Price Movement in Foreign Currency Market
2015.09.14.,,Yamashita Rios De Sousa,Arthur Matsuo, Kiyoshi Kanazawa, Hideki Takayasu, Misako Takayasu,,Econophysics Colloquium 2015, Prague, Czech Republic,,Reversibility study in sign time series of the foreign exchange market
2015.09.14.,,Takumi Sueshige, Hideki Takayasu, Misako Takayasu,,Econophysics Colloquium 2015, Prague, Czech Republic,,Detecting the change-point of the foreign exchange market using the microstructure noise
2015.09.14.,,Misako Takayasu, <b>Invited talk</b>,, Econophysics Colloquium 2015, Prague,,Practical application of mathematical models of business firm networks
2015.09.14.,,Hideki Takayasu, <b>Invited talk</b>,, Econophysics Colloquium 2015, Prague,,Fluctuation-dissipation relations derived from high-quality order-book data of foreign exchange market
2015.08.18.,,Kiyoshi Kanazawa, <b>Invited talk</b>,,Yukawa International Seminar 2015: New Frontiers in Non-Equilibrium Statistical Physics 2015, Kyoto, YITP,,Minimal Model of Stochastic Athermal Systems: Origin of Non-Gaussian Noise
2015.07.14.,,Misako Takayasu, <b>Invited talk</b>,,Symposium on Complex Network Approaches to Business Relations, London, United Kingdom,,Mathematical models of business firm networks
2015.03.24.,,田村光太郎,高安秀樹,高安美佐子,,日本物理学会2015年春季大会,早稲田大学早稲田キャンパス,,非線形輸送方程式の相転移と構造の関係
2015.03.24.,,河本弘和,高安秀樹,高安美佐子,,日本物理学会2015年春季大会,早稲田大学早稲田キャンパス,,パーコレーションシミュレーションの企業間ネットワークへの応用
2015.03.24.,,後藤隼人,高安秀樹,高安美佐子,,日本物理学会2015年春季大会,早稲田大学早稲田キャンパス,,実データを用いた企業間取引ネットワークの成長過程の解析
2015.03.24.,,Boilard Jean-Francois, Hideki Takayasu, Misako Takayasu,,The Physical Society of Japan,Waseda University Waseda Campus,,Order lifetime distributions in Foreigner Currency Market
2015.03.24.,,小峰卓郎,高安秀樹,高安美佐子,,日本物理学会2015年春季大会,早稲田大学早稲田キャンパス,,新手法を用いたPUCKモデルのパラメータ推定精度の解析
2015.03.24.,,用害愛希,田村光太郎,高安秀樹,高安美佐子,,日本物理学会2015年春季大会,早稲田大学早稲田キャンパス,,企業ネットワークにおける重力相互作用モデルの検証
2015.03.24.,,Khan Md. Mahfuzus Salam, Yoshihiro Yura, Misako Takayasu,,The Physical Society of Japan,Waseda University Waseda Campus,,Time-series analysis for stock prices to realize market behavior by applying PUCK model
2015.03.24.,,末重拓己,高安秀樹,高安美佐子,,日本物理学会2015年春季大会,早稲田大学早稲田キャンパス,,板情報の時間変化から観測される粘性係数のゆらぎ
2015.03.23.,,佐藤和也,高安秀樹,高安美佐子,,日本物理学会2015年春季大会,早稲田大学早稲田キャンパス,,ブログ空間における時系列分割手法の提案とその評価
2015.03.23.,,福永岳,高安秀樹,高安美佐子,,日本物理学会2015年春季大会,早稲田大学早稲田キャンパス,,ブログ書き込みと消費者行動の関係性
2015.03.21.,,宇賀山和也,高安秀樹,高安美佐子,,日本物理学会2015年春季大会,早稲田大学早稲田キャンパス,,PUCKモデルによるリスク評価
2015.03.19.,,Kazuya Satou, Hideki Takayasu, Misako Takayasu,,79th Annual Meeting of the DPG and DPG Spring Meeting, Berlin,,Proposal of segmentation method of time series in the blogosphere
2015.03.11.,,高安美佐子, <b>招待講演</b>,,複雑コミュニケーションサイエンス研究会、立命館大学,,企業ネットワークデータの解析とその応用
2015.02.20.,,田村光太郎,高安秀樹,高安美佐子,,複雑ネットワーク・ウィンターセッション2015,北海道大学,,大規模企業間取引データの解析と非線形輸送現象
2015.02.10.,,高安美佐子, <b>招待講演</b>,,応用数学連携フォーラムAMFワークショップ、東北大学,,企業間取引のビッグデータと数理モデル
2014.12.26.,,高安美佐子, <b>招待講演</b>,,国際高等研究所 研究プロジェクト (開催地：国際高等研)　2014年度 第2回研究会,,企業ネットワークの数理とその応用
2014.11.05.,,Koutarou Tamura, Hideki Takayasu, Misako Takayasu,,Social Modeling and Simulations + Econophysics Colloquium 2014, Kobe, Japan, 2014,,Basin structures of a complex network with strongly biased nonlinear flow
2014.11.05.,,Katsuhide Takahashi, Tsuyoshi Deguchi, Hideki Takayasu, Misako Takayasu,,Social Modeling and Simulations + Econophysics Colloquium 2014, Kobe, Japan, 2014,,Hubs and Authorities in the World Trade & World Investment Network
2014.11.05.,,Hayato Goto, Hideki Takayasu, Misako Takayasu,,Social Modeling and Simulations + Econophysics Colloquium 2014, Kobe, Japan, 2014,,Analysis of chain bankruptcies on multiplex Japanese Inter-firm Networks
2014.11.04.,,Yoshihiro Yura, Hideki Takayasu, Misako Takayasu,,Social Modeling and Simulations + Econophysics Colloquium 2014, Kobe, Japan, 2014,,Financial Brownian Particle in the Layered Order-Book Fluid from a point of view of statistical physics
2014.11.04.,,Hirokazu Kawamoto, Hideki Takayasu, Misako Takayasu,,Social Modeling and Simulations + Econophysics Colloquium 2014, Kobe, Japan, 2014,,Analysis of Robustness for a Japanese Business Relation Network by Percolation Simulation
2014.11.04.,,Tsuyoshi Deguchi, Hideki Takayasu, Misako Takayasu,,Social Modeling and Simulations + Econophysics Colloquium 2014, Kobe, Japan, 2014,,Gravity Model Simulation of the International Trade Network using a Preferentially Selected Network
2014.11.04.,,Kazuya Sato, Hideki Takayasu, Misako Takayasu,,Social Modeling and Simulations + Econophysics Colloquium 2014, Kobe, Japan, 2014,,Change-Point Detection of Time-series Data in the Blogosphere
2014.11.04.,,Masahiro Uehara, Hideki Takayasu, Misako Takayasu,,Social Modeling and Simulations + Econophysics Colloquium 2014, Kobe, Japan, 2014,,Currency Strength: Definition and Basic Properties
2014.11.04.,,Mizuki Kurihara, Hideki Takayasu, Misako Takayasu,,Social Modeling and Simulations + Econophysics Colloquium 2014, Kobe, Japan, 2014,,Structural dependence of firms’ growth in inter-firm trading network
2014.11.04.,,Masashi Matsuzaki, Hideki Takayasu, Misako Takayasu,,Social Modeling and Simulations + Econophysics Colloquium 2014, Kobe, Japan, 2014,,Statistical properties observed in Japanese Inter-firm Investment network
2014.11.04.,,Jean-Francois Boilard, Hideki Takayasu, Misako Takayasu,,Social Modeling and Simulations + Econophysics Colloquium 2014, Kobe, Japan, 2014,,Comparison of Distribution of Execution and Cancellation Times in Currency Market
2014.11.04.,,Gaku Fukunaga, Hideki Takayasu, Misako Takayasu,,Social Modeling and Simulations + Econophysics Colloquium 2014, Kobe, Japan, 2014,,Estimation of the number of regular customers using POS data of convenience stores
2014.11.04.,,Takuro Omine, Hideki Takayasu, Misako Takayasu,,Social Modeling and Simulations + Econophysics Colloquium 2014, Kobe, Japan, 2014,,Observation of instability contagion in foreign exchange markets using PUCK analysis
2014.11.04.,,Aiki Yougai, Hideki Takayasu, Misako Takayasu,,Social Modeling and Simulations + Econophysics Colloquium 2014, Kobe, Japan, 2014,,Confirmation of the gravitational interaction in the business firms’ network
2014.11.04.,,Yamashita Rios De Sousa,Arthur Matsuo , Hideki Takayasu, Misako Takayasu,,Social Modeling and Simulations + Econophysics Colloquium 2014, Kobe, Japan, 2014,,Time-delayed Information Flow in Foreign Exchange Data
2014.10.17,,高安美佐子, <b>招待講演</b>,,【経産省大臣官房調査統計Ｇ】政府統計におけるビッグデータの活用等に係る勉強会（開催地：経済産業省）,,ソーシャルメディアの利活用事例について
2014.10.15,,高安美佐子, <b>招待講演</b>,,学術振興会「放射線の影響とクライシスコミュニケーション」に関する先導的研究開発委員会,,東日本大震災時におけるTwitter内でのデマの拡散と収束
2014.10.03.,,Yoshihiro Yura,Hideki Takayasu,Misako Takayasu,,Econofis 14, Brazil, Rio de janeiro,, Financial Brownian Particle in the Layered Order-Book fluid and Fluctuation-Dissipation Relations
2014.09.09.,,由良嘉啓,高安秀樹,高安美佐子,,日本物理学会2014年秋季大会,中部大学春日井キャンパス,,外国為替市場の注文情報の解析と洞察
2014.09.09.,,田村光太郎,高安秀樹,高安美佐子,,日本物理学会2014年秋季大会,中部大学春日井キャンパス,,本流リンク抽出過程の一般化と企業間ネットワークにおける応用
2014.09.09.,,河本弘和,高安秀樹,高安美佐子,,日本物理学会2014年秋季大会,中部大学春日井キャンパス,,企業間ネットワークのパーコレーション転移におけるノードの生存率解析
2014.09.09.,,後藤隼人,高安秀樹,高安美佐子,,日本物理学会2014年秋季大会,中部大学春日井キャンパス,,企業間多重ネットワーク上での連鎖倒産現象の解析
2014.09.09.,,松崎剛史,高安秀樹,高安美佐子,,日本物理学会2014年秋季大会,中部大学春日井キャンパス,,企業間出資ネットワークの構造がもつ統計的性質の解析
2014.09.09.,,栗原瑞樹,高安秀樹,高安美佐子,,日本物理学会2014年秋季大会,中部大学春日井キャンパス,,企業間取引ネットワーク構造を考慮した企業成長率の相関抽出
2014.09.09.,,上原正弘,高安秀樹,高安美佐子,,日本物理学会2014年秋季大会,中部大学春日井キャンパス,,多通貨市場における通貨強度の相互作用
2014.09.09.,,Boilard Jean-Francois,Hideki Takayasu, Misako Takayasu,,The Physical Society of Japan,Chubu University Kasugai Campus,,Power Law Relation between Execution and Cancellation Times in Currency Market
2014.09.09.,,小峰卓郎,高安秀樹,高安美佐子,,日本物理学会2014年秋季大会,中部大学春日井キャンパス,,PUCKモデルを用いた為替市場の連動性の分析
2014.09.09.,,用害愛希,田村光太郎,高安秀樹,高安美佐子,,日本物理学会2014年秋季大会,中部大学春日井キャンパス,,企業ネットワークにおける重力相互作用モデルを用いたストレステストの評価
2014.09.08.,,佐藤和也,高安秀樹,高安美佐子,,日本物理学会2014年秋季大会,中部大学春日井キャンパス,,ブログ書き込みにおける時系列データの変化点検出
2014.09.08.,,福永岳,高安秀樹,高安美佐子,,日本物理学会2014年秋季大会,中部大学春日井キャンパス,,コンビニエンスストアのPOSデータを用いた固定客数の推定
2014.08.20,,高安美佐子, <b>招待講演</b>,,第35回数理の翼夏期セミナー（開催地：筑波大学）,,社会・経済の現象の数理
2014.08.18.,,田村光太郎, 高安秀樹, 高安美佐子,,複雑ネットワーク・サマースクール2014, 仙台, 東北大学,,複雑ネットワーク上の非等方的なフローにおける主要フローの構造解析
2014.08.07,,高安美佐子, <b>招待講演</b>,,2014年度日本物理学会科学セミナー「非平衡の世界ー凝集系、地震、経済、生命まで」（開催地：東大駒場キャンパス）,,経済・社会に観測される非平衡現象
2014.07.30.,,田村光太郎,,ビッグデータワークショップ（第3回）, 品川, ソニーCSL,,ビッグデータの切り出し方
2014.07.14,,Misako Takayasu, <b>Invited talk</b>,,4th Ph.D. Summer School -Conference on "Mathematical Modeling on Complex Systems", Athens,,Statistical Physics of Financial Markets
2014.07.10,,Misako Takayasu, <b>Invited talk</b>,,ΣΦ International Conference on Statistical Physics 2014, Rhodos,,Similarity between colloidal random walks and financial random walks
2014.06.10.,,由良嘉啓,,西成研究室　招待講演　(非線形ゼミ),,為替市場とその周辺
2014.06.05.,,Koutarou Tamura, Hideki Takayasu, Misako Takayasu,,NetSci 2014, Berkeley California, USA,,Gravity type money transport on an inter-firm trading netowork and flow path analysis
2014.06.05.,,Hirokazu Kawamoto, Hideki Takayasu, Misako Takayasu,,NetSci 2014, Berkeley California, USA,,Finite-Size Scaling Laws at the Percolation Transition Point of Complex Networks
2014.06.02,,Misako Takayasu, <b>Invited talk</b>,,International Conference on Econophysics (2014) &Asia-Pacific Econophysics Conference (2014), Shanghai,,Estimation of viscosity and Knudsen number of markets from order-book data
2014.03.28.,,由良嘉啓,高安秀樹,高安美佐子,,日本物理学会2014年年次大会,東海大学湘南キャンパス,,為替市場における揺動力と散逸力の数理モデル
2014.03.28.,,三浦航, 高安秀樹, 高安美佐子,,日本物理学会2013年年次大会, 東海大学,,複雑ネットワークにおける優先的接続と次数分布のベキ指数の関係性
2014.03.28.,,田村光太郎, 高安秀樹, 高安美佐子,,日本物理学会2013年年次大会, 東海大学,,企業間ネットワーク上でのお金の流路の抽出と流路形状の理論的解析
2014.03.28.,,河本弘和, 高安秀樹, 高安美佐子,,日本物理学会2013年年次大会, 東海大学,,企業間ネットワーク上のパーコレーション相転移における有限サイズスケーリング則
2014.03.12-13.,,Wataru Miura, Hideki Takayasu, Misako Takayasu,,CompleNet2014,Bologna,Italy,,Coagulation Phenomena ant the Sol-Gel Transition on a Complex Network
2014.03.05,,山崎航, 荒木康, 後藤友喜夫, 高安秀樹, 高安美佐子,,計測自動制御学会 制御部門 第1回 制御部門マルチシンポジウム,電気通信大学,,POSデータを用いた商品の最適仕入れ数の推定,,,,,,,,
2013.12.04.,,Misako Takayasu, <b>Invited talk</b>,,The 20th Annual Riskminds Conference, Hotel Okura, Amsterdam,,The dynamics of the Japanese financial markets and the Bank of Japan's interventions: Real data case studies
2013.11.27.,,Hirokazu Kawawmoto, Hideki Takayasu, Misako Takayasu,,International Conference on Mathematical Modeling and Applications, Tokyo, Japan(Poster Session),,Mathematical breakdown of Japanese business firm transaction network
2013.11.27.,,Koutarou Tamura, Hideki Takayasu, Misako Takayasu,,International Conference on Mathematical Modeling and Applications, Tokyo, Japan(Poster Session),,New method for extracting supply chain structure from inter-firm transaction network
2013.11.18.,,Misako Takayasu, <b>Invited talk</b>,,ESHIA Winter Workshop in Singapore,Nanyang Technological University,Singapore,,Network Properties of Business Firms in Japan: From Structure to Transport
2013.09.27.,,山崎航,高安秀樹,高安美佐子,,日本物理学会2013年秋季大会,徳島大学,,コンビニエンスストアのPOSデータから観測される商品の販売数の統計的性質
2013.09.27.,,佐藤和也,山田健太,高安秀樹,高安美佐子,,日本物理学会2013年秋季大会,徳島大学,,ブログ書き込みにおける時系列データ解析と評価方法の構築
2013.09.27.,,上原正弘,由良嘉啓,高安秀樹,高安美佐子,,日本物理学会2013年秋季大会,徳島大学,,多通貨市場における市場価格の相互作用
2013.09.27.,,由良嘉啓,高安秀樹,高安美佐子,,日本物理学会2013年秋季大会,徳島大学,,注文情報から見る為替市場参加者の相互作用
2013.09.26.,,松崎剛史,田村光太郎,高安秀樹,高安美佐子,,日本物理学会2013年秋季大会,徳島大学,,企業間取引ネットワークを用いた距離の統計性の研究
2013.09.26.,,田村光太郎,高安秀樹,高安美佐子,,日本物理学会2013年秋季大会,徳島大学,,企業間相互作用から導かれる非線形輸送方程式の解析
2013.09.26.,,河本弘和,田村光太郎,高安秀樹,高安美佐子,,日本物理学会2013年秋季大会,徳島大学,,企業間ネットワーク上での実距離を考慮したボンドパーコレーションについて
2013.09.26.,,三浦航,高安秀樹,高安美佐子,,日本物理学会2013年秋季大会,徳島大学,,企業間ネットワークの成長モデルで観測される相転移現象
2013.09.26.,,栗原瑞樹,田村光太郎,高安秀樹,高安美佐子,日本物理学会2013年秋季大会,徳島大学,,企業間ネットワーク構造を考慮した企業概要データの解析
2013.09.20.,,Koutarou Tamura, Wataru Miura,Satoshi Kitajima,Hayato Goto,Hideki Takayasu,Misako Takayasu,,European Conference on Complex Systems 2013, World Trade Center Barcelona, Barcelona, Spain,,Properties of nonlinear money transport model and comparison with the biased random walk model
2013.09.20.,,Hirokazu Kawawmoto, Koutarou Tamura, Hideki Takayasu, Misako Takayasu,,European Conference on Complex Systems 2013, World Trade Center Barcelona, Barcelona, Spain,,Statistical Properties on Bond Percolation Process in a Real Network
2013.09.18.,,Yoshihiro Yura, Hideki Takayasu, Misako Takayasu,,European Conference on Complex Systems 2013, World Trade Center Barcelona, Barcelona, Spain(Poster Session),,Financial Market Price Fluctuation In View Of A Colloidal Particle In Water Molecules
2013.09.13.,,Misako Takayasu <b>Keynote speech</b>,,AESCS2013 The 8th International Workshop on Agent-based Approach in Economic and Social Complex Systems,  Shibaura Institute of Technology, Tokyo ,, Modeling of Japanese business transactions; Evaluation of systemic risks, and stress tests
2013.09.10.,,Hirokazu Kawawmoto, Koutarou Tamura, Hideki Takayasu, Misako Takayasu <b>Poster</b>,,International Workshop on Phase Transition, Critical Phenomena and Related Topics in Complex Networks, Sapporo, Japan,,New Numerical Method for Estimating the Percolation Transition Point and Critical Exponents
2013.09.02.,, 高安美佐子,,統数研共同研究集会「経済物理学とその周辺」H25年度第1回研究会,キャノングローバル戦略研究所,東京,,日本企業間取引ネットワークを用いた日本経済のストレステストの提案
2013.07.29.,,Misako Takayasu <b>Invited talk</b>,,Econphysics Colloquium 2013 & Asia Pacific Econophysicss Conference 2013, Postech, Pohang, Korea,,Estimation of flows in Business to Business transaction network
2013.07.23.,,田村光太郎, 高安秀樹, 高安美佐子 <b>招待講演</b>,,生天目研究室セミナー, 防衛大学校,,企業間ネットワーク上の お金の輸送モデルとその解析
2013.07.23.,,河本弘和, 田村光太郎, 高安秀樹, 高安美佐子 <b>招待講演</b>,,生天目研究室セミナー, 防衛大学校,,企業間取引ネットワーク上のパーコレーション相転移現象に関する研究
2013.06.18.,,Misako Takayasu <b>Invited talk</b>,,CORDIS FP7-ICT FET Proactive: “Dynamics and Coevolution in Multi-Level Strategic INteraction GAmes",CONGAS Delft Joint WP Meeting, Delft University of Technology, Delft, Netherland,,Analysis and modeling of one million Japanese firms’ transactions: Evaluation of systemic risks, and stress tests
2013.06.03.,,Koutarou Tamura, Wataru Miura, Satoshi Kitajima, Hayato Goto, Hideki Takayasu, Misako Takayasu,,NetSci2013 - Human Behavior and Network Science Workshop, Technical,University of Copenhagen, Copenhagen, Denmark,,Emergence of a Scale-Free Network Under Strong Preferential Attachment
2013.06.03.,,Wataru Miura, Hideki Takayasu, and Misako Takayasu,,NetSci2013 - Human Behavior and Network Science Workshop, Technical,University of Copenhagen, Copenhagen, Denmark,,Empirical model of money transport and its application
2013.05.13.,,高安美佐子 <b>招待講演</b>,,スーパーコンピュータによる社会シミュレーションとその将来,理化学研究所計算科学研究機構,神戸,,社会・経済活動のマルチ階層シミュレーションにむけて
2013.04.17,,Misako Takayasu <b>Invited talk</b>,,Workshop on Complexity and Systemic Stability,Imperial College London,,Quick detection of financial market instability,,,,,
2013.04.16,,Misako Takayasu <b>Invited talk</b>,,Seminar talk at Prof. Aste's laboratory, University College London,,Review of study on business firm networks in Japan:Transport on complex networks,,,,
2013.03.29,,笠原章弘、三浦航、後藤隼人、北島聡、高安秀樹、高安美佐子,,日本物理学会2013年年次大会,広島大学,,日本企業100万社のデータを用いた企業の成長過程の観測,,,,
2013.03.29,,田村光太郎, 高安秀樹, 高安美佐子,,日本物理学会2013年年次大会,広島大学,,企業間ネットワーク上の非線形輸送と転移点の空間構造依存性,,,,,,,,
2013.03.28,,河本弘和, 田村光太郎, 三浦航, 高安秀樹, 高安美佐子,,日本物理学会2013年年次大会, 広島大学,,企業間ネットワーク上のパーコレーション相転移現象と平均場近似解,,,,,,,,
2013.03.26,,佐藤和也,山田健太,高安秀樹,高安美佐子,,日本物理学会2013年年次大会, 広島大学,,ブログ書き込みにおけるブーム形成のシミュレーションとその数理的解析,,,,,,,,
2013.03.23,,高安美佐子　<b>話題提供講演</b>,,脳科学新分野探索フォーラム「システムロバストネス」黒田真也教授（東京大学）主催、オフィス東京,,システムロバストネス：統計物理学の視点から,,,,
2013.03.13,,Koutarou Tamura, Wataru Miura, Hideki Takayasu, Satoshi Kitajima, Hayato Goto, Misako Takayasu,,CompleNet 2013, Berlin, Germany,,Modeling of money transport and evaluating diffusiveness on Japanese inter-firm network,,,,,,,,
2013.02.28,,佐藤和也,佐野幸恵,山田健太,渡邊隼史,高安秀樹,高安美佐子,,計測自動制御学会 システム・情報部門 第3回 社会システム部会研究会,岩手県民情報交流センター,,震災時におけるデマの拡散と制御に関するデータ解析とシミュレーション,,,,,,,,
2013.02.20,,高安美佐子 <b>招待講演</b>,,研究・技術計画学会 国際問題分科会、東工大蔵前工業会館,,ソーシャルメディアの経済物理学：人間社会の現象を経済物理学が切り開く！,,,,
2013.01.15,,田村 光太郎,高安 秀樹,高安 美佐子,,日本学術会議 物性物理学・一般物理学分科会シンポジウム「物性物理学・一般物理学の未来を語る」, 学術会議講堂(ポスターセッション),,複雑ネットワーク上の非線形輸送における局在化転移,,,,,,,,
2012.12.15,,河本弘和,田村光太郎,高安秀樹,高安美佐子,,第9回 ネットワーク生態学シンポジウム,沖縄国際大学(ポスターセッション),,企業間取引ネットワークにおける脆弱性の解析,,,,,,,,
2012.12.15,,田村 光太郎, 高安 秀樹, 高安 美佐子,,第9回 ネットワーク生態学シンポジウム,沖縄国際大学(ポスターセッション),,企業間ネットワークにおけるお金の輸送と局在,,,,,,,,
2012.12.14,,三浦航,田村光太郎,北島聡,後藤隼人,高安秀樹,高安美佐子,,第18回交通流のシミュレーションシンポジウム,名古屋大学,,複雑ネットワーク上で観測される非線形輸送現象とそのパラメータ推定,,,,,,,,
2012.12.13,,Hirokazu Kawamoto, Koutarou Tamura, Hideki Takayasu, Misako Takayasu,,The 16th Asia Pacific Symposium on Intelligent and Evolutionary Systems, Kansai Seminar House, Kyoto, Japan,,Importance of Bridges in the Structure of Complex Networks,,,,,,,,
2012.12.13,,Koutarou Tamura, Wataru Miura, Hideki Takayasu, Satoshi Kitajima, Hayato Goto, Misako Takayasu,,The 16th Asia Pacific Symposium on Intelligent and Evolutionary Systems, Kansai Seminar House, Kyoto, Japan,,Money-Transport on a Japanese Inter-firm Networks: Estimating sales from the adjacency matrix,,,,,,,,
2012.12.07,,河本弘和,田村光太郎,高安秀樹,高安美佐子,,平成24年度 文部科学省 数学・数理科学と諸科学・産業との連携研究ワークショップ「複雑系ゆらぎデータの分析と制御Ⅱ：超多自由度非定常系へのアプローチ」,明治大学(ポスターセッション),,大規模企業間取引ネットワークで見られるパーコレーション相転移現象,,,,,,,,
2012.12.07,,田村光太郎,高安秀樹,高安美佐子,,平成24年度 文部科学省 数学・数理科学と諸科学・産業との連携研究ワークショップ「複雑系ゆらぎデータの分析と制御Ⅱ：超多自由度非定常系へのアプローチ」,明治大学(ポスターセッション),,大規模企業データの解析とお金の輸送のモデル化,,,,,,,,
2012.11.08,,Hirokazu Kawamoto, Koutarou Tamura, Hideki Takayasu, Misako Takayasu,,2012 International Conference on Modeling, Analysis and Simulation, Meiji University,Japan(Poster session),,Statistical properties on percolation process in a Japanese inter-firm trading network,,,,,,,,
2012.11.08,,Koutarou Tamura, Wataru Miura, Hideki Takayasu, Misako Takayasu,,International Conference on Modeling, Analysis and Simulation, Meiji University, Japan(Poster session),<br><b><u>2012 ICMAS Poster Award for Excellence</u></b>,,Money-flow model on a Japanese inter-firm network and theoretical analysis of its properties,,,,,,,,
2012.10.28,,高安美佐子 <b>招待講演</b>,,明治大学先端数理科学研究科ワークショップ「複雑系ゆらぎデータの分析と制御：脳から社会まで」、明治大学,,購買行動と取引ネットワークからみる企業のゆらぎ,,,,
2012.10.21,,高安美佐子 <b>招待講演</b>,,未来発見フォーラム2012, 東京国際フォーラム,,人間社会の現象を経済物理学が切り開く！,,,,
2012.10.15,,河本弘和,高安秀樹,高安美佐子　<b>招待講演</b>,,西成研究室セミナー,東京大学,,企業間取引ネットワーク上のパーコレーション相転移現象,,,,,,,,
2012.10.15,,田村光太郎,高安秀樹,高安美佐子　<b>招待講演</b>,,西成研究室セミナー,東京大学,,企業間ネットワークでのお金の非線形輸送とその理論的解析,,,,,,,,
2012.09.21,,佐藤和也、山田健太,、高安秀樹,、高安美佐子,,日本物理学会2012年秋季大会, 横浜国立大学,,ブログ書き込みモデルにおけるブーム形成と衰退の数理的解析,,,,,,,,
2012.09.20,,笠原章弘, 三浦航, 後藤隼人, 北島聡, 高安秀樹, 高安美佐子,,日本物理学会2012年秋季大会, 横浜国立大学,,日本企業100万社の財務統計量を用いた企業分類方法の研究,,,,,,,,
2012.09.20,,河本弘和, 高安秀樹, 高安美佐子,,日本物理学会2012年秋季大会, 横浜国立大学,,企業データを用いた取引ネットワーク上のパーコレーション相転移,,,,,,,,
2012.09.20,,由良嘉啓, 高安秀樹, 高安美佐子,,日本物理学会2012年秋季大会, 横浜国立大学,,為替市場における揺動散逸定理の確認,,,,,,,,
2012.09.20,,三浦航，高安秀樹，高安美佐子,,日本物理学会2012年秋季大会, 横浜国立大学,,複雑ネットワーク上で観測されるゾル-ゲル転移,,,,,,,,
2012.09.18,,田村光太郎, 高安秀樹, 高安美佐子,,日本物理学会2012年秋季大会, 横浜国立大学,,企業間ネットワーク上のお金の輸送が持つ拡散性と不安定転移点の理論的評価,,,,,,,,
2012.09.13,,三浦航，高安秀樹，高安美佐子 <b>招待講演</b>,,CMRU研究会 ネットワーク科学の数理と展開, 東北大学,,凝集効果を考慮した複雑ネットワークの優先的成長モデル,,,,,,,,
2012.09.13,,田村光太郎, 高安秀樹, 高安美佐子,,CMRU研究会 ネットワーク科学の数理と展開, 東北大学(ポスターセッション),,非線形輸送現象における相転移現象に関する理論的解析,,,,,,,,
2012.09.13,,河本弘和, 田村光太郎, 高安秀樹, 高安美佐子,,CMRU研究会 ネットワーク科学の数理と展開, 東北大学(ポスターセッション),,企業間取引ネットワーク上のパーコレーション相転移,,,,,,,,
2012.09.11,,Y. Yura, T. Ohnishi, H. Takayasu, M. Takayasu,,Latsis Symposium 2012, Switzerland(Poster Session),,Replication of Non-trivial directional motion in multi-scales observed by Runs test,,,,,,,,
2012.08.02,,河本弘和, 高安秀樹, 高安美佐子,,非平衡系の物理, 基礎物理学研究所(ポスターセッション),,企業間取引ネットワークにおけるパーコレーション相転移現象,,,,,,,,
2012.08.02,,田村光太郎, 高安秀樹, 高安美佐子,,非平衡系の物理, 基礎物理学研究所(ポスターセッション),,空間構造を考慮した非線形輸送方程式の理論的解析,,,,,,,,
2012.07.12,,Y. Yura, H. Takayasu, K. Nakamura, and M. Takayasu,,Fusion2012, Singapore,,Instability Caused by the Cubic Potential in the Foreign Exchange Market observed at the Intervention by the Bank of Japan,,,,,,,,
2012.06.21,,Wataru Miura, Hideki Takayasu, Misako Takayasu,,NetSci2012, Evanston, USA (Poster Session),,The relation between business firm network and coagulation of aerosols,,,,,,,,
2012.06.20,,Koutarou Tamura, Wataru Miura, Hideki Takayasu, Misako Takayasu,,NetSci2012, Evanston, USA (Poster Session),,Stability of non-diffusive money flow on a huge inter-firm network,,,,,,,,
2012.04.25,,Misako Takayasu, <B>Invited Talk</B>,,Complexity and Risk Seminar, Imperial College,,Transition from power law to monopoly in complex business firm network,,,,,,,,
2012.03.27,,田村光太郎, 高安秀樹, 高安美佐子,,日本物理学会2012年年次大会, 関西学院大学,,重力相互作用モデルにおける凝集現象の理論的解析,,,,,,,,
2012.03.25,,三浦航, 後藤隼人, 北島聡, 高安秀樹, 高安美佐子,,日本物理学会2012年年次大会, 関西学院大学,, 2リンク構造を考慮した企業間取引ネットワークのクラスター分析,,,,,,,,
2012.03.25,,由良嘉啓, 大西立顕, 高安秀樹, 高安美佐子,,日本物理学会2012年年次大会, 関西学院大学,,複数のスケールにおける異なる性質の価格変動の観測とその再現,, ,,,,,,
2012.03.21,,高安美佐子 <b>招待講演</b>,,2012年電子情報通信学会 総合大会, 岡山大学,,大規模データから観測される人間社会の法則性,,,,,,,,
2012.03.14,,Koutarou Tamura, Wataru Miura, Hideki Takayasu, Misako Takayasu,,Recent topics of nonextensive statistical mechanics, Sony Computer Science Laboratories, Japan,,Generalized gravity interaction model of business firms,,,,,,,,
2012.03.08,,Koutarou Tamura, Wataru Miura, Hideki Takayasu, Misako Takayasu,,International Workshop on Anomalous Statistics, Generalized Entropies, and information Geometry, Nara,Japan,Poster Session,,Transport equation of money on huge inter-firm networks and stability analysis of a steady solution,,,
2011.10.01,,由良嘉啓, 高安秀樹, 中村和幸, 高安美佐子,,第7回 人工知能学会 ファイナンスにおける人工知能応用研究会, 東京大学,,ポテンシャルモデルのオンライン解析への可能性,,,,,,,,
2011.09.23,,田村光太郎, 高安秀樹, 高安美佐子,,日本物理学会2011年秋季大会, 富山大学,,ネットワーク構造の変化と重力相互作用型モデルからみる成長率のゆらぎ,,,,,,,,
2011.09.23,,渡辺隼史, 高安秀樹, 高安美佐子,,日本物理学会2011年秋季大会, 富山大学,,質量をもつノードから構成された複雑ネットワーク上の隣接ノード間輸送とZipf's則,,,,,,,,
2011.09.22,,小南翔太郎, 高安秀樹, 高安美佐子,,日本物理学会2011年秋季大会, 富山大学,,PUCKモデルを用いた金融リスク管理への応用,,,,,,,,
2011.09.22,,三浦航, 高安秀樹, 高安美佐子,,日本物理学会2011年秋季大会, 富山大学,,複雑ネットワークの確率的成長モデルで見られるノードの凝集現象,,,,,,,,
2011.09.22,,出口剛士, 高安秀樹, 高安美佐子,,日本物理学会2011年秋季大会, 富山大学,,リスクを最小化する通貨バスケットの推定手法,,,,,,,,
2011.09.22,,山崎航, 後藤友喜夫, 高安秀樹, 高安美佐子,,日本物理学会2011年秋季大会, 富山大学,,コンビニエンスストアのPOSデータと気温情報を用いた商品の最適仕入れ数の推定,,,,,,,,
2011.09.22,,由良嘉啓, 高安秀樹, 中村和幸, 高安美佐子,,日本物理学会2011年秋季大会, 富山大学,,粒子フィルタ法を用いたPUCKモデルのパラメータ推定,,,,,,,,
2011.09.09,,三浦航, 高安秀樹, 高安美佐子,,平成23年度統数研共同研究集会「経済物理学とその周辺」第1回研究会, 統計数理研究所,,複雑ネットワークの確率的成長モデルで見られるノードの凝集現象とその理論解析,,,,,,,
2011.09.09,,由良嘉啓, 高安秀樹, 中村和幸, 高安美佐子,,平成23年度統数研共同研究集会「経済物理学とその周辺」第1回研究会, 統計数理研究所,,粒子フィルタ法を用いたポテンシャルモデルのパラメータ推定,,,,,,,
2011.09.09,,田村 光太郎, 高安 秀樹, 高安 美佐子, 三浦 航, 後藤 隼人, 北島 聡,, 平成23年度統数研共同研究集会「経済物理学とその周辺」第1回研究会, 統計数理研究所,,企業ネットワーク構造と重力相互作用型モデルの関係,,,,,,,
2011.09.07,,渡辺隼史,高安秀樹,高安美佐子,,第52回数理社会学会大会(JAMS52),第7回ネットワークが創発する知能研究会(JWEIN'11)合同プログラム,,企業取引ネットワーク上の輸送とバイアスドランダムウォーク,,,,,,,
2011.08.18,,高安美佐子,田村光太郎,三浦航,高安秀樹,,非平衡系の物理-ミクロとマクロの架け橋,基礎物理学研究所,,企業ネットワークの相転移現象とノード間相互作用の推定,,,,,,,,
2011.07.15,,Yoshihiro Yura,Hideki Takayasu,Kazuyuki Nakamura,Misako Takaysu, Poster Session ,,International Conference on ΣΦ2011,Larnaca-Cyprus,,Observation of market potentials by a using particle filter method,,,,,,,
2011.07.15,,Misako Takayasu, <b>Oral Talk</b> ,,International Conference on ΣΦ2011,Larnaca-Cyprus,,Empirical Law and Mathmatical Models for the Statistics and Structure of Business Firm Networks,,,,,,,
2011.07.14,,Wataru Miura,Hideki Takayasu,Misako Takayasu,<b>Oral Talk</b>,,International Conference on ΣΦ2011,Larnaca-Cyprus,,Statistical properties of Japanese business firm network and a probabilistic model based on creation,annihilation and coagulation,,,,,,,
2011.06.13,,Misako Takayasu,<B>Invited Talk</B>,,21st International Conference on Noise and Fluctuations,Tronto,,Critical behavior observed in Collective Human Behavior,,,,,,,
2011.06.05,,Misako Takayasu,<B>Invited Talk</B>,,International Conference on Econophysics,Shanghai,,Application to PUCK formulation to Financial Market Fluctuation,,,ポジションを考慮したディーラーモデルによる為替市場のシミュレーション,,,,
2011.3.24,,山田健太、佐野幸恵、高安秀樹、高安美佐子,,平成22年度統数研研究会「経済物理とその周辺」第2回研究会,,ブログから観測される流行伝搬とニュース効果を再現するエージェントベースモデル,,,,,,,,
2011.3.15,,Kenta Yamada, Sidney Redner, Hideki Takayasu and Misako Takayasu,,75th Annual Meeting of the DPG and DPG Spring Meeting,,Relationship between ARCH model and stochastic dealer model,,,,,,,,
2011.03.3,,Misako Takayasu,<B>Invited Talk</B>,,Sano Lab.Seminar March 3rd,東大・理・物理・佐野研究室,,為替変動の物理学,,,,,,,,
2011.01.26,,Misako Takayasu <B>Invited Talk</B>,,Complexity science seminar: Scaling in Complex Systems, Imperial College, London,,Scaling features of a business firm network as a complex system,,,,,,
2011.01.22,,松永健太, 山田健太, 高安秀樹, 高安美佐子,,第6回 人工知能学会 ファイナンスにおける人工知能応用研究会, 東京大学,,ポジションを考慮したディーラーモデルによる為替市場のシミュレーション,,,,
2011.01.22,,山田健太, 高安秀樹, 高安美佐子,,第6回 人工知能学会 ファイナンスにおける人工知能応用研究会, 東京大学,,経済物理学的手法を用いたエージェントベースモデルによる金融市場のモデル化と応用,,,,,
2011.01.07,,渡邊隼史 <B>招待講演</B>,,「経済ネットワーク」研究会, キヤノングローバル戦略研究所,,複雑ネットワークの輸送とZipf's則,,,,,,,
2011.01.07,,三浦航 <B>招待講演</B>,,「経済ネットワーク」研究会, キヤノングローバル戦略研究所,,企業間取引ネットワークを再現する確率成長モデル,,,ディーラーモデルにおけるロスカットとロスリミット効果の関係,,,,
2010.10.02,,高安美佐子 <B>招待講演</B>,,第5回 人工知能学会 ファイナンスにおける人工知能応用研究会, 東京大学,,物理学の視点から見る金融市場と経済・社会現象,,,,,,,
2010.09.25,,三浦航, 高安秀樹, 高安美佐子,,日本物理学会2010年秋季大会, 大阪府立大学,,企業ネットワークにおける連鎖倒産確率モデルとパーコレーション相転移,,,,,
2010.09.24,,佐野幸恵, 山田健太, 高安秀樹, 高安美佐子,,日本物理学会2010年秋季大会, 大阪府立大学,,,日本語ブログにおける日常語の書き込み頻度の統計性とRandom Diffusion Modelの拡張,,,
2010.09.24,,上野弘道, 渡辺努, 高安美佐子,,日本物理学会2010年秋季大会, 大阪府立大学,,小売における商品販売数時系列の解析とモデル化,,,,,
2010.09.24,,後藤友喜夫, 高安秀樹, 高安美佐子,,日本物理学会2010年秋季大会, 大阪府立大学,,コンビニエンスストアのPOSデータを用いた気温と消費者行動の関係,,,,,
2010.09.24,,渡邊隼史, 佐野幸恵, 山田健太, 高安秀樹, 高安美佐子,,日本物理学会2010年秋季大会, 大阪府立大学,,,,,
2010.09.05-12,,Misako Takayasu <B>Invited Talk</B>,,2nd Greek-Turkish Conference on Statistical Mechanics and Dynamical Systems, Rhodos, Greece,,The structure and statistical properties of Japanese business firm network,,,,,,
2010.07.22,,Misako Takayasu <b>Oral presentation</b>,,Statphys 24, Cairns, Australia,,A dynamical potential model to financial markets and exact derivation of GARCH model,,,話題性のある言葉に着目したブログ書き込み数変動,,,
2010.07.22,,Wataru Miura, Hideki Takayasu and Misako Takayasu,,Statphys 24, Cairns, Australia (Poster session),,Analysis and modeling of Japanese business relationship network,,,,,
2010.06.07,,高安美佐子 <B>招待講演</B>,,蔵前技術士会第131回講演会, 東京工業大学蔵前会館,,大規模経済データから何が観測できるか－経済物理学の最前線で－,,,,,,,
2010.03.21,,佐野幸恵, 山田健太, 高安秀樹, Kimmo Kaski, 高安美佐子,,日本物理学会第65回年次大会, 岡山大学,,,,,
2010.03.21,,渡邊隼史, 高安秀樹, 高安美佐子,,日本物理学会第65回年次大会, 岡山大学,,関連する複数企業の財務情報の集約とその統計的性質,,,,,
2010.03.21,,三浦航, 高安秀樹, 高安美佐子,,日本物理学会第65回年次大会, 岡山大学,,日本企業100万社の企業間取引ネットワークにおけるリンク構造の解析について,,,,,
2010.03.21,,高安美佐子, 山田健太, 高安秀樹,,日本物理学会第65回年次大会, 岡山大学,,PUCKモデルに基づく市場安定性制御,,,,,
2010.03.21,,渡辺広太, 高安秀樹, 高安美佐子,,日本物理学会第65回年次大会, 岡山大学,,外乱が市場価格へ与える影響についてのPUCK解析,,,,,
2010.03.21,,山田健太, 高安秀樹, 高安美佐子,,日本物理学会第65回年次大会, 岡山大学,,外国為替市場の板情報から観測される需給と価格変動の関係,,,,,
2010.02.23,,高安美佐子 <B>招待講演</B>,,財務総合政策研究所ランチミーティング, 財務省,,PUCKモデルによる為替市場の観測とその応用－経済物理学最前線－,,,,,,,
2010.01.31,,三浦航, 高安秀樹, 高安美佐子,,第22回自律分散システム・シンポジウム, 名古屋大学,,企業間取引ネットワークにおけるオーソリティ・ハブ度の非対称性について,,,,,
2010.01.31,,山田健太, 高安秀樹, 高安美佐子,,第22回自律分散システム・シンポジウム, 名古屋大学,,ディーラーモデルによる外国為替市場のモデル化,,,,,
2010.01.31,,渡辺広太, 高安秀樹, 高安美佐子,,第22回自律分散システム・シンポジウム, 名古屋大学,,金融市場価格のトレンド形成における内生的要因とニュースインパクトの影響,,,,,
2009.11.04-07,,Yukie Sano, Kenta Yamada, Hideki Takayasu and Misako Takayasu,,Complex' 09, Tokyo,,Approaches to collective human dynamics using internet blog data,為替市場における板情報のモデル化,,,,
2009.10.25-31,,Kenta Yamada, Hideki Takayasu and Misako Takayasu,,Econophysics Colloquium 2009, Centro Ettore Maiorana Erice, (TP) Italy,,Analogies between financial market and catalysis,,,,,
2009.09.27,,山田健太, 高安秀樹, 高安美佐子,,日本物理学会2009年秋季大会, 熊本大学,,ディーラーモデルを用いた損切り効果と暴落現象の関係の解明,,,,,
2009.09.27,,美藤直紀, 山田健太, 高安秀樹, 高安美佐子,,日本物理学会2009年秋季大会, 熊本大学,,ノードの寿命を考慮した企業ネットワーク成長モデルの統計的性質,,,,
2009.09.27,,上野弘道, 渡辺努, 高安美佐子,,日本物理学会2009年秋季大会, 熊本大学,,小売における商品の新陳代謝の統計性,,,,,
2009.09.27,,渡邊隼史, 高安秀樹, 高安美佐子,,日本物理学会2009年秋季大会, 熊本大学,,日本企業の財務情報の統計的性質とその相互の関係,,,,,
2009.09.27,,三浦航, 水野貴之, 高安秀樹, 高安美佐子,,日本物理学会2009年秋季大会, 熊本大学,,外国為替市場における板情報の解析,,,,
2009.09.08,,三浦航, 渡邊隼史, 水野貴之, 高安秀樹,  高安美佐子,,京都大学基礎物理学研究所 2009年度前期研究会「経済物理学 2009 : ミクロとマクロの架け橋」, 京都大学(ポスターセッション),,,,,
2009.09.08,,高安美佐子,,京都大学基礎物理学研究所 2009年度前期研究会「経済物理学 2009 : ミクロとマクロの架け橋」, 京都大学,,PUCKモデルの展望：物理現象との関係と金融市場への応用,,,,,,,
2009.09.08,,山田健太, 高安秀樹, 伊藤隆敏,  高安美佐子,,京都大学基礎物理学研究所 2009年度前期研究会「経済物理学 2009 : ミクロとマクロの架け橋」, 京都大学,,,,,,
2009.08.18,,Misako Takayasu and Hideki Takayasu <B>Invited Seminar Talk</B>,,Barabasi Lab. Center for Complex Network Research,NORTHEASTERN UNIVERSITY,,Network Structure of Japanese Business Firms,,,,,,,
2009.07.07,,高安美佐子 <B>招待講演</B>,,第2回　ICAP Adovisary Board Meeting,　銀行倶楽部,,EBSデータから見える市場の市場の現象－経済物理学最前線－,,,,,,,
2009.06.08-12,,Kenta Yamada, Hideki Takayasu and Misako Takayasu,,International Workshop on Coping with Crises in Complex Socio-Economic Systems, Zurich,,Approaches to Financial Crisis by a Dealer Model of Financial Market,,企業ネットワークに見られるパーコレーション相転移,,,,
2009.06.04,,高安美佐子 <B>招待講演</B>,,日本マーケティング・サイエンス学会「消費者行動のダイナミクス研究会」と「言葉とマーケティング研究部会」との合同部会, （株）構造計画研究所,,大規模経済データから見える現象－経済物理学最前線－,,,,,,,
2009.03.30,,渡邊隼史, 高安秀樹, 高安美佐子,,日本物理学会第64回年次大会, 立教大学,,独立なランダム乗算過程から構成される系の統計則と企業集団の示す統計則,,,,,
2009.03.30,,高安美佐子 ,鮫島伸二郎, 大西立顕, 高安秀樹, ,,日本物理学会第64回年次大会, 立教大学,,企業ネットワークに見られるパーコレーション相転移,,,,
2009.03.30,,大西立顕, 高安秀樹, 高安美佐子,,日本物理学会第64回年次大会, 立教大学,,企業間取引のネットワーク構造に見られる統計的性質,,,,
2009.03.29,,山田健太, 高安秀樹, 高安美佐子,,日本物理学会第64回年次大会, 立教大学,,金融市場における取引過程と触媒反応のアナロジー, 立教大学,,ブログにおける人間の集団的振る舞いの解析とモデル化,,
2009.03.29,,渡辺広太, 高安秀樹, 高安美佐子,,日本物理学会第64回年次大会, 立教大学,,時変係数を持つLangevin系としての金融市場と府の粘性の観測,,,,,
2009.03.29,,上野弘道, 渡辺努, 高安美佐子,,日本物理学会第64回年次大会, 立教大学,,小売における販売時系列の解析,,,,,
2009.03.27,,佐野幸恵, 山田健太, 渡辺広太, 水野貴之, 高安秀樹, 高安美佐子,,日本物理学会第64回年次大会,,ブログにおける人間の集団的振る舞いの解析とモデル化,,,
2009.03.30,,Misako Takayasu　<B>基調講演</B>,,RIETI 政策シンポジウム『大規模データから何を学ぶか－経済学と物理学の統合アプローチ』, 如水会館,,Human Behavior in Marketing（http://www.rieti.go.jp/jp/events/09030501/info.html),,, Japan,,Modeling statistical properties of human blogging,,
2009.03.04,,H. Watanabe, H. Takayasu and M. Takayasu,,Application of Physics in Financial Analysis 7th Internantional Conference, Tokyo, Japan,,Central limit theorem of random multiplicative processes and application to firm growth problems,,,,,
2009.03.04,,Hiromichi UENO, Tsutomu WATANABE and Misako TAKAYASU,,Application of Physics in Financial Analysis 7th Internantional Conference, Toky, Japan,,Statistical properties of purchase number fluctuations in Japanese supermarkets,,,,,
2009.03.03,,Y. Sano, K. Yamada, K. Watanabe, T. Mizuno, H. Takayasu and M. Takayasu,,Application of Physics in Financial Analysis 7th Internantional Conference, Tokyo,,,,,
2009.03.03,,Kenta Yamada, Hideki Takayasu and Misako Takayasu,,Application of Physics in Financial Analysis 7th Internantional Conference, Tokyo, Japan,,The role of loss-limit of dealers in financial market crisis,,,,,
2009.03.02,,Kota Watanabe, Hideki Takayasu and Misako Takayasu,,Application of Physics in Financial Analysis 7th Internantional Conference, Tokyo, Japan,,Approaches to the financial market crisis from the viewpoint of PUCK model,,,,,
2009.03.02,,Y. Ohya, H. Takayasu and M. Takayasu,,Application of Physics in Financial Analysis 7th Internantional Conference, Tokyo, Japan (Poster session),,Statistical steady states of random transport on random scale-free networks,,,,,
2009.03.02,,K. Araki, and M. Takayasu,,Application of Physics in Financial Analysis 7th Internantional Conference, Tokyo, Japan (Poster session),,Confirmation of Poissonian properties in high precision sales data of convenient stores,,,,,
2009.03.02,,Yohei Watanabe, Takayuki Mizuno, Jun-ichi Maskawa and Misako Takayasu,,Application of Physics in Financial Analysis 7th Internantional Conference, Tokyo, Japan (Poster session),,The statistical laws of order intervals in London stock market,,,,
2009.03.02,,Shinjiro Sameshima, Takaaki Ohnishi, Hideki Takayasu and Misako Takayasu,,Application of Physics in Financial Analysis 7th Internantional Conference, Tokyo, Japan (Poster session),,The role of strongly-connected components in the network of Japanese companies,,,,
2009.01.29,,高安美佐子 <B>招待講演</B>,,第58回人工知能セミナー『経済物理学の最前線で』,,序章-大規模経済データが語る経済現象,,,,,,,,
2009.01.24,,渡邊隼史，高安秀樹，高安美佐子,,平成20年度統数研研究会「経済物理とその周辺」第2回研究会,,ランダム乗算過程における中心極限定理と企業の成長率分布,,,,,,,,
2009.01.24,,渡辺広太，高安秀樹，高安美佐子,,平成20年度統数研研究会「経済物理とその周辺」第2回研究会,,時間変化する粘性係数をもつLangevin系としての金融市場と負の粘性の観測,,,,,,,,
2009.01.24,,山田健太，高安秀樹，高安美佐子,,平成20年度統数研研究会「経済物理とその周辺」第2回研究会,,金融市場におけるディーラーの戦略の時間発展と価格変動の統計的性質の関係,,,,,,,,
2009.01.23,,渡邊隼史，高安秀樹，高安美佐子,,第21回自律分散システムシンポジウム,,ランダム乗算過程と拡張された中心極限定理,,,,,,,,
2008.12.18,,高安美佐子 <B>招待講演</B>,,計測自動制御学会2008年度第3回システム工学部会,,金融市場の変動をリアルタイムで分析する経済物理モデル,,,,,,,,
2008.09.24-25,,佐野幸恵，山田健太，渡辺広太，水野貴之，高安秀樹，高安美佐子,,成20年度統数研研究会「経済物理とその周辺」第1回研究会,,ウェブ上の単語出現頻度のゆらぎと社会現象との関連,,,,,,,,
2008.09.20-23,,佐野幸恵，山田健太，渡辺広太，水野貴之，高安秀樹，高安美佐子,,日本物理学会2008年秋季大会, 岩手大学,,ブログ記事に見られる単語の出現頻度のゆらぎの解析,,,,,,,
2008.09.20-23,,鮫島伸二朗，大西立顕，池田祐一，高安秀樹，高安美佐子,,日本物理学会2008年秋季大会, 岩手大学,,日本企業ネットワークのバックボーン解析,,,,,,,
2008.09.20-23,,上野弘道，高安秀樹, 高安美佐子,,日本物理学会2008年秋季大会, 岩手大学,,小売における販売量の統計性,,,,,,
2008.09.20-23,,高安美佐子, 荒木康,,日本物理学会2008年秋季大会, 岩手大学,,販売量と廃棄量の時系列データに基づく最適販売戦略の推定,,,,,,
2008.09.20-23,,山田健太，高安秀樹, 高安美佐子,,日本物理学会2008年秋季大会, 岩手大学,,確率論的ディーラーモデルの繰り込み理論,,,,,,
2008.09.20-23,,渡邊隼史，高安秀樹, 高安美佐子,,日本物理学会2008年秋季大会, 岩手大学,,ランダム乗算過程のくりこみと安定分布,,,,,,
2008.09.20-23,,大家義登，高安秀樹, 高安美佐子,,日本物理学会2008年秋季大会, 岩手大学,,スケールフリー空間上のランダム輸送モデルの解析,,,Renormalization of Random Multiplicative Processes,,,
2008.09.20-23,,渡辺広太，水野貴之，高安秀樹, 高安美佐子,,日本物理学会2008年秋季大会, 岩手大学,,ポテンシャルモデルを用いた為替時系列の統計性の再現,, Nara, Japan,,Stochastic behaviors in human activity observed in internet blog,
2008.09.11-17,,Misako Takayasu <B>Plenary Invited Talk</B>,,GREEK-TURKISH CONFERENCE STATISTICAL MECHANICS AND DYNAMICAL SYSTEMS, Rhodos, Greece and Marmaris, Turkey,,Physical View of Market Prices : Random Walks in Complex Potential Functions,,,,,
2008.09.11-17,,Hideki Takayasu, Hayafumi Watanabe, Misako Takayasu <B>Plenary invited Talk</B>,,GREEK-TURKISH CONFERENCE STATISTICAL MECHANICS AND DYNAMICAL SYSTEMS, Rhodos, Greece and Marmaris, Turkey, Kiel, Germany,,Renormalization of random multiplicative processes,,
2008.09.09-12,,Y. Sano, K. Yamada, K. Watanabe, T. Mizuno, H. Takayasu, M. Takayasu,,Dynamic Days Asia Pacific 5(Poster session),,Stochastic behaviors in human activity observed in internet blog,,,
2008.08.28-30,,Hiromichi Ueno, Tsutomu Watanabe, Misako Takayasu,,Econophysics Colloquium 2008, Kiel, Germany,,Statistical properties of relation between sales and prices in retail,,,,
2008.08.28-30,,Y. Sano, K. Yamada, K. Watanabe, T. Mizuno, H. Takayasu, M. Takayasu,,Econophysics Colloquium 2008, Kolympari-Chania, Greece (Poster session),,Statistical properties of number fluctuations observed in internet blog keywords,,
2008.08.28-30,,Hayafumi Watanabe, Hideki Takayasu, Misako Takayasu,,Econophysics Colloquium 2008, Kiel, Germany,,Renormalization of random multiplicative processes and statistics of business-firm growth,,,,
2008.08.28-30,,Kota Watanabe, Hideki Takayasu, Misako Takayasu,,Econophysics Colloquium 2008, Kiel, Germany,,The Effect of Extended trading on emergence and collapse of the financial bubbles,,,,
2008.07.14-18,,Y. Sano, K. Yamada, K. Watanabe, T. Mizuno, H. Takayasu, M. Takayasu,,International Conference in ΣTATIΣTIKH ΦYΣIKH,,Statistical properties of number fluctuations observed in Internet blog keywords,,,
2008.07.04,,鮫島伸二朗, 大西立顕, 高安秀樹, 高安美佐子,,金融・産業ネットワーク研究会, 経済産業研究所,,日本企業100万社のネットワーク解析-日本企業のバックボーン解析-,,,,
2008.07.04,,高安美佐子, 大西立顕, 鮫島伸二朗, 高安秀樹,,金融・産業ネットワーク研究会, 経済産業研究所,,日本企業100万社のネットワーク解析-研究の概要-,,,,
2008.06.17,,高安美佐子 <B>招待講演</B>,,第2回ACPWS 「生物・生態系の統計力学」, 東京大学,,経済・社会現象における人間の集団行動の普遍性について,,,,,,,
2008.03.26,,佐野幸恵, 山田健太, 渡辺広太, 水野貴之, 高安美佐子,,日本物理学会第63回年次大会,,ウェブ上に出現する単語の高頻度時系列の統計的解析,,,,
2008.03.26,,渡邊隼史, 高安秀樹, 高安美佐子,,日本物理学会第63回年次大会,,ランダム乗算過程のN体くり込みモデルが示す極限分布,,,,,,
2008.03.26,,上野弘道, 渡辺努, 高安美佐子,,日本物理学会第63回年次大会,,小売りにおける販売量の価格に関する統計性,,,,,,
2008.03.26,,高安美佐子, 渡辺広太, 高安秀樹,,日本物理学会第63回年次大会,,時間変動する粘性を持つランジュバン系としての金融市場,,,,,,
2008.03.15,,佐野幸恵, 山田健太, 渡辺広太, 水野貴之, 高安秀樹, 高安美佐子,,平成19年度統数研研究会「経済物理とその周辺」第2回研究会,,ウェブ上に出現する単語の高頻度時系列の統計的解析,,,,
2008.03.15,,上野弘道, 渡辺努, 高安美佐子,,平成19年度統数研研究会「経済物理とその周辺」第2回研究会,,スーパーマーケットにおける販売量と価格の関係,,,,,,
2008.03.15,,渡辺広太, 高安秀樹, 高安美佐子,,平成19年度統数研研究会「経済物理とその周辺」第2回研究会,,株式市場における時間外取引の統計性とバブルへの影響,,,,,,
2007.12.25,,上野弘道, 渡辺努, 高安美佐子,,京都大学基礎物理学研究所 2007年度後期研究会「経済物理学III」, 京都大学,,小売における商品販売の統計的性質,,,,,
2007.12.25,,佐野幸恵, 山田健太, 渡辺広太, 水野貴之, 高安美佐子,,京都大学基礎物理学研究所 2007年度後期研究会「経済物理学III」, 京都大学(ポスターセッション),,web上での口コミに関する解析,,,
2007.12.25,,渡邊隼史, 高安秀樹, 高安美佐子,,京都大学基礎物理学研究所 2007年度後期研究会「経済物理学III」, 京都大学(ポスターセッション),,ランダム乗算過程のN体繰り込みと企業成長率の統計性,,,,,
2007.12.25,,水野貴之, 鳥山正博, 寺野隆雄, 高安美佐子,,京都大学基礎物理学研究所 2007年度後期研究会「経済物理学III」, 京都大学,,大規模POSデータを用いた消費行動の分析,,,,
2007.12.25,,水野貴之, 荒木康, 鳥山正博, 寺野隆雄, 高安美佐子,,京都大学基礎物理学研究所 2007年度後期研究会「経済物理学III」, 京都大学(ポスターセッション),,商品の販売寿命と顧客の購買行動の関係,,,
2007.12.25,,山田健太, 高安秀樹, 高安美佐子,,京都大学基礎物理学研究所 2007年度後期研究会「経済物理学III」, 京都大学,,確率論的ディーラーモデルの理論解析,,,,,
2007.12.25,,渡辺広太, 高安秀樹, 高安美佐子,,京都大学基礎物理学研究所 2007年度後期研究会「経済物理学III」, 京都大学,,高次ポテンシャルを用いた暴騰・暴落の早期予測可能性,,,,,
2007.12.25,,高安美佐子 <B>招待講演</B>,,京都大学基礎物理学研究所 2007年度後期研究会「経済物理学III」, 京都大学,,市場価格のポテンシャル理論とその実践的応用,,,,,,,
2007.11.06,,高安美佐子 <B>招待講演</B>,,第10回情報論的学習理論ワークショップ、東京工業大学,,市場価格のランダムウォークとポテンシャル理論,,,,,,,,
2007.10.25,,山田健太, 高安秀樹, 高安美佐子 <B>招待講演</B>,,日本銀行セミナー，日本銀行金融研究所,,確率論的ディーラーモデルを用いた外国為替市場の統計性の再現と解明,,,,,,
2007.09.23,,高安美佐子 <B>シンポジウム講演</B>,,日本物理学会第62回年次大会領域11シンポジウム「経済現象の予測・制御の可能性」,北海道大学,,金融市場のダイナミクスと予測可能性,,,,,,,,
2007.09.22,,上野弘道, 渡辺努, 高安美佐子,,日本物理学会第62回年次大会，北海道大学,,小売の販売データにおける統計性,,,,,,
2007.09.22,,水野貴之, 荒木康, 鳥山正博, 寺野隆雄, 高安美佐子,,日本物理学会第62回年次大会，北海道大学,,コンビニのレシートデータを用いた解析,,,,
2007.09.22,,山田健太, 高安秀樹, 高安美佐子,,日本物理学会第62回年次大会，北海道大学,,確率論的ディーラーモデルの理論的解析,,,,,,
2007.09.22,,渡辺広太, 高安秀樹, 高安美佐子,,日本物理学会第62回年次大会，北海道大学,,非線形ポテンシャルモデルの性質-バブルやインフレーションへの自発的変化,,,,,,
2007.09.22,,鮫島伸二朗, 大西立顕, 高安秀樹, 高安美佐子,,日本物理学会第62回年次大会，北海道大学,,日本の企業ネットワーク構造解析,,,,,
2007.09.22,,渡邊隼史, 高安秀樹, 高安美佐子,,日本物理学会第62回年次大会，北海道大学,,自己変調過程の統計的性質の解析,,,,,,
2007.09.01,,上野弘道, 渡辺努, 高安秀樹, 高安美佐子,,平成19年度統数研研究会「経済物理学とその周辺」第1回研究会,,スーパーマーケットにおける価格更新の統計的性質,,,,,
2007.09.01,,山田健太, 高安秀樹, 高安美佐子,,平成19年度統数研研究会「経済物理学とその周辺」第1回研究会,,トレーダの市場参照効果の理論解析,,,,,,
2007.09.01,,渡辺広太, 高安秀樹, 高安美佐子,,平成19年度統数研研究会「経済物理学とその周辺」第1回研究会,,非線形に拡張したポテンシャルモデルを用いたバブルの解析,,,,,,
2007.08.31,,水野貴之, 鳥山正博, 寺野隆雄, 高安美佐子,,平成19年度統数研研究会「経済物理学とその周辺」第1回研究会,,コンビニのレシートデータを用いた解析,,,,,
2007.07.09-07.13,,Kenta Yamada, Hideki Takayasu and Misako Takayasu,,Statphys 23, Genova, Italy (Poster session),,Analyzing statistical properties of financial markets using many random walker model with threshold dynamics,,,,,
2007.07.09-07.13,,Mizuno T., Toriyama M., Terano T., Takayasu M.,,Statphys 23, Genova, Italy (Poster session),,Product life cycle in convenience stores,,,
2007.07.09-07.13,,Takayasu M.,,Statphys 23, Genova, Italy (Poster session),,Real time risk management of markets based on random walk in a potential of unbalanced complex kinetics,,,,,,
2007.07.09-07.13,,Takayasu H., Takayasu M.,,Statphys 23, Genova, Italy (Poster session),,St. Petersburg Paradox and Zipfs law,Product life cycle in convenience stores,,,,
2007.07.04-07.07,,Kenta Yamada, Hideki Takayasu and Misako Takayasu,,The 6th International Conference of Application of Physics in Financial Analysis, Lisbon, Portugal (Poster session),,Theoretical Analysis for Market Properties Using Stochastic Dealer Models,,,,,
2007.07.04-07.07,,Misako Takayasu,,The 6th International Conference of Application of Physics in Financial Analysis, Lisbon, Portugal,,Potential random walk model and its limit behaviors,,,,,,
2007.07.04-07.07,,Takayuki Mizuno, Masahiro Toriyama, Takao Terano and Misako Takayasu,,The 6th International Conference of Application of Physics in Financial Analysis, Lisbon, Portugal,,Product life cycle in convenience stores,,,,
2007.03.20,,上野弘道, 渡辺努, 高安美佐子,,日本物理学会2007年年次大会，鹿児島大学,,高頻度販売データにおける価格の統計性,,,,,,
2007.03.20,,大西立顕, 高安秀樹, 伊藤隆敏, 橋本優子, 渡辺努, 高安美佐子,,日本物理学会2007年年次大会，鹿児島大学,,外国為替市場に潜む非定常性,,,
2007.03.20,,渡辺広太, 高安秀樹, 高安美佐子,,日本物理学会2007年年次大会，鹿児島大学,,ポテンシャルモデルと指数モデル バブル発生への理論的・解析的アプローチ,,,,,,
2007.03.20,,山田健太, 高安秀樹, 高安美佐子,,日本物理学会2007年年次大会，鹿児島大学,,閾値型多粒子非衝突ブラウン運動を用いた市場へのアプローチとその統計性,,,,,,
2007.03.20,,水野貴之, 大西立顕, 大藤健太, 南部鶴彦,,日本物理学会2007年年次大会，鹿児島大学,,PJM卸電力市場における価格変動の統計性,,,,,
2007.03.20,,内藤悟史，水野貴之, 高安秀樹, 高安美佐子, 中野徹,,日本物理学会2007年年次大会，鹿児島大学,,株価変動と需給バランスの相関,,,,,
2007.03.05,,水野貴之, 大西立顕, 大藤健太, 南部鶴彦,,平成18年度統数研研究会「経済物理とその周辺」第2回研究会、統計数理研究所,,電力市場における価格暴騰の特徴,,,,,
2006.11.27,,Misako Takayasu <B>Plenary Invited Talk</B>,,Econophysics Workshop, Faculty of Economics, The University of Tokyo, Tokyo, Japan,,Analysis of potential forces in financial markets with exponential trends,,,
2006.11.23-11.25,,Naoaki Okamoto, Hideki Takayasu, Misako Takayasu,,Econophysics Colloquium 2006 and Third Bonzenfreies Colloquium, International Christian University, Tokyo, Japan(Poster session),,Precision of numerical analysis of the potential model for market prices,,,
2006.11.23-11.25,,Hiromichi Ueno, Takayuki Mizuno, Misako Takayasu,,Econophysics Colloquium 2006 and Third Bonzenfreies Colloquium, International Christian University, Tokyo, Japan(Poster session),,Analysis of Japanese Bank’s historical network,,,,,
2006.11.23-11.25,,Kota Watanabe, Hideki Takayasu, Misako Takayasu,,Econophysics Colloquium 2006 and Third Bonzenfreies Colloquium, International Christian University, Tokyo, Japan, International Christian University, Tokyo, Japan,,Analysis of Potential Forces in Financial Markets with Exponential rends,,,,
2006.11.23-11.25,,Takayuki Mizuno, Hideki Takayasu, Misako Takayasu,,Econophysics Colloquium 2006 and Third Bonzenfreies Colloquium, International Christian University, Tokyo, Japan,,Analysis of market potentials and limit order books in London stock exchange,,,
2006.11.23-11.25,,Kenta Yamada, Hideki Takayasu, Misako Takayasu,,Econophysics Colloquium 2006 and Third Bonzenfreies Colloquium, International Christian University, Tokyo, Japan,,Causality between dealers' dynamics and potentials of markets,,,
2006.11.23-11.25,,Takaaki Ohnishi, Hideki Takayasu, Takatoshi Ito, Yuko Hashimoto, Tsutomu Watanabe, Misako Takayasu,,Econophysics Colloquium 2006 and Third Bonzenfreies Colloquium,,Dynamics of deal price in foreign exchange market,,,
2006.11.23-11.25,,Misako Takayasu <B>Plenary Talk</B>,,Econophysics Colloquium 2006 and Third Bonzenfreies Colloquium, International Christian University, Tokyo, Japan,,Theoretical analysis of potential forces in markets,,,,,
2006.10.24-10.25,,水野貴之, 高安秀樹, 高安美佐子,,MPSシンポジウム -複雑系の科学とその応用-，名古屋大学,,ロンドン証券市場における需給バランスの解析,,,,,,
2006.09.24,,水野貴之, 高安秀樹, 前原潤一, 高安美佐子,,日本物理学会第62回年次大会，千葉大学,,心拍数のPotentials of Unbalanced Complex Kinetics (PUCK)解析,,,,,
2006.09.23,,岡本尚彰, 高安秀樹, 高安美佐子,,日本物理学会2006年秋季大会，千葉大学,,市場に潜む中心力ポテンシャルと板情報の関係,,,,,,
2006.09.23,,山田健太, 高安秀樹, 高安美佐子,,日本物理学会2006年秋季大会，千葉大学,,ディーラーモデルを用いた市場ポテンシャルの解明,,,円ドル為替市場における短時間スケールでの需給バランスと価格変動,,,
2006.09.23,,渡辺広太, 高安秀樹, 高安美佐子,,日本物理学会2006年秋季大会，千葉大学,,金融市場に潜む指数変動の分離,,,,,,
2006.09.23,,上野弘道, 水野貴之, 高安美佐子,,日本物理学会2006年秋季大会，千葉大学,,日本の銀行の統廃合ネットワークの解析,,,,,,
2006.09.22,,大西立顕, 高安秀樹, 伊藤隆敏, 橋本優子, 渡辺努, 高安美佐子,,日本物理学会2006年秋季大会，千葉大学,,円ドル為替市場における短時間スケールでの需給バランスと価格変動,,,
2006.09.22,,山田健太, 高安秀樹, 高安美佐子,,平成18年度統数研研究会「経済物理とその周辺」第1回研究会、統計数理研究所,,ディーラーモデルを用いた市場ポテンシャルの解明,,,,,,
2006.09.22,,渡辺広太, 高安秀樹, 高安美佐子,,平成18年度統数研研究会「経済物理とその周辺」第1回研究会、統計数理研究所,,指数変動を伴う市場におけるポテンシャルの解析,,,,,,
2006.09.22,,水野貴之, 高安秀樹, 高安美佐子,,平成18年度統数研研究会「経済物理とその周辺」第1回研究会、統計数理研究所,,金融市場の需給バランスとPUCKの関係,,,,
2006.09.22,,大西立顕, 高安秀樹, 伊藤隆敏, 橋本優子, 渡辺努, 高安美佐子,,平成18年度統数研研究会「経済物理とその周辺」第1回研究会、統計数理研究所,,円ドル為替市場における約定価格の統計性,,
2006.09.21,,Misako Takayasu　<B>Plenary invited talk</B>,,Joint 3rd International Conference on Soft Computing and Intelligent Systems and 7th International Symposium on Advanced Intelligent Systems,Tokyo,,Potential force observed in open markets,,,Potentials of unbalanced complex kinetics (PUCK) tools of market time series,,,,
2006.06.29-07.01,,Kenta Yamada, Hideki Takayasu, Misako Takayasu,,The 5th International Conference of Application of Physics in Financial Analysis, Torino, Italy (Poster session) ,,Physical meaning of potential forces observed in the markets,,,,
2006.06.29-07.01,,Kota Watanabe, Hideki Takayasu, Misako Takayasu,,The 5th International Conference of Application of Physics in Financial Analysis, Torino, Italy (Poster session) ,,Extracting the exponential behaviors in the market data.,,,,
2006.06.29-07.01,,Takayuki Mizuno, Hideki Takayasu, Misako Takayasu,,The 5th International Conference of Application of Physics in Financial Analysis, Torino, Italy (Poster session) ,,Potentials of unbalanced complex kinetics (PUCK) tools of market time series.,,,,
2006.06.29-07.01,,Misako Takayasu, Takayuki Mizuno, Hideki Takayasu,,The 5th International Conference of Application of Physics in Financial Analysis, Torino, Italy,,Physical meaning of potential forces observed in the markets.,,,,
2006.03.30,,山田健太, 高安秀樹, 高安美佐子,,日本物理学会第61回年次大会，松山大学,,閾値型ディーラーモデルによる為替市場のシミュレーション,,,,,,
2006.03.30,,水野貴之, 高安秀樹, 高安美佐子,,日本物理学会第61回年次大会，松山大学,,市場価格に潜む中心力ポテンシャルII,,,,,,
2006.03.25,,水野貴之, 高安秀樹, 高安美佐子,,第10回進化経済学会北海道大会，北海道大学,,金融時系列に潜む中心力ポテンシャル,,,,,,
2006.03.25,,渡辺広太, 高安秀樹, 高安美佐子,,第10回進化経済学会北海道大会，北海道大学,,指数発散を伴う変動に対する非定常成分の分離,,,,,,
2006.03.20,,渡辺広太, 高安秀樹, 高安美佐子,,平成17年度統数研研究会「経済物理とその周辺」第2回研究会、統計数理研究所,,指数発散を伴う変動に対する非定常成分の分離,,,,,,
2006.03.20,,山田健太, 高安秀樹, 高安美佐子,,平成17年度統数研研究会「経済物理とその周辺」第2回研究会、統計数理研究所,,閾値型ディーラーモデルによる為替市場のシミュレーション,,,,,,
2005.12.02,,水野貴之, 高安秀樹, 高安美佐子,,京都大学基礎物理学研究所　2005年度後期研究会経済物理学－社会・経済への物理学的アプローチ－,,市場価格の時間の矢と中心力ポテンシャルの応用,,,,,,
2005.12.02,,高安美佐子,,京都大学基礎物理学研究所　2005年度後期研究会経済物理学－社会・経済への物理学的アプローチ－,,為替市場価格の高頻度データに見られる中心力ポテンシャル,,,,,,,,
2005.12.02,,渡辺広太, 高安秀樹, 高安美佐子 ,,京都大学基礎物理学研究所　2005年度後期研究会経済物理学－社会・経済への物理学的アプローチ－(ポスターセッション),,指数発散を伴う変動に対する非定常成分の分離,,,,,,
2005.12.02,,山田健太, 高安秀樹, 高安美佐子 ,,京都大学基礎物理学研究所　2005年度後期研究会経済物理学－社会・経済への物理学的アプローチ－(ポスターセッション),,閾値型ディーラーモデルによる為替市場のシミュレーション,,,,,,
2005.11.17,,Takayuki Mizuno, Hideki Takayasu, Misako Takayas,,Econophysics Colloquium, Canberra (Australia),,Potential force observed in market dynamics II-Statistical laws of the market potential-,,,,,
2005.11.17,,Misako Takayasu,,Econophysics Colloquium, Canberra (Australia),,Potential force observed in market dynamics; Part 1 : The optimal moving average and the market potential,,,,,,,
2005.11.13,,水野貴之, 高安秀樹, 高安美佐子,,FCS/MPSシンポジウム、名古屋大学,,金融市場における時間の矢の存在,,,,,,
2005.11.02,,Misako Takayasu <B>招待講演</B>,,第２回日本学術振興会日独先端科学(JGFoS)２００５シンポジウム,,Random Potential Force and Abnormal Diffusion observed in Market Price Data,,,,,,,,
2005.09.20,,大西立顕, 合原一幸, 高安美佐子, 高安秀樹,,日本物理学会、同志社大学,,為替変動におけるトレンドのダイナミクス,,,,,
2005.09.20,,水野貴之、高安美佐子、高安秀樹, 高安秀樹,,日本物理学会、同志社大学,,市場価格に潜む中心力ポテンシャル,,,,,,,
2005.09.20,,坪井将之、高安秀樹、高安美佐子,,日本物理学会、同志社大学,,一般化されたランダム乗算過程にみられるベキ分布,,,,,,,,
2005.09.01,,水野貴之、高安美佐子、高安秀樹,,平成１７年度統数研研究会「経済物理とその周辺」第１回研究会、統計数理研究所,,外国為替市場に潜む中心力ポテンシャル,,,,,,,,
2005.08.15,,Misako Takayasu,,3rd NEXT ΣΦInternational Conference, News, Expectation and Trends in ΣTATIΣTIKH ΦYΣIKH in Kolymbari Crete, Greece,,Statistical physics of the Internet traffic and its application,,,,,
2005.08.13,,Misako Takayasu,,3rd NEXT ΣΦInternational Conference, News, Expectation and Trends in ΣTATIΣTIKH ΦYΣIKH in Kolymbari Crete, Greece,,Hidden Potential formulation of market fluctuations,,,,,
2005.03.24,,大西立顕、合原一幸、高安美佐子、高安秀樹,,日本物理学会第60回年次大会、東京理科大学,,価格の節目が為替変動に与える効果,,,,Characterization of Temporal of Foreign Exchange Markets,,,,
2005.03.16-17,,高安美佐子 <B>COE招待講演</B>,,21世紀ＣＯＥプログラム（革新的学術分野）「トポロジー理工学の創成」講演, 北海道大学,,金融市場に潜むダイナミクス-経済現象は物理学の対象となりうるか？,,,,,,,
2005.03.16-17,,高安美佐子 <B>COE招待講演</B>,,21世紀ＣＯＥプログラム（情報・電気・電子分野）「知識社会基盤構築のための情報学拠点形成」講演, 京都大学,,インターネットトラフィックの臨界ゆらぎと複雑系制御,,,,,,,
2004.12.14,,Misako Takayasu, Takaaki Ohnishi, Takayuki Mizuno and Hideki Takayasu,,The First International Conference in Intelligence Finance,A Convergence of Mathematical Finance with Technical and Fundamental Analysis in Melbourne, Australia,,Characterization of Temporal Behavior of Foreign Exchange Markets,,,,
2004.11.09,,Misako Takayasu <B>Plenary invited talk</B>,,The Third Nikkei Econophysics Research Workshops and Symposium, Practical Fruits of Econophysics Business Model in 21st Century-Risk Management and Expectation for Econophysics in Tokyo,Japan,,Temporal characteristics of foreign exchange market,,,,,,
2004.09.12,,高安美佐子、水野貴之、高安秀樹,,日本物理学会2004年秋季大会　青森大学,,市場価格における不可逆性の解析,,,,,,,,
2005.07.22,,Misako Takayasu,,International Conference & Summer School, Complexity in Science & Society, in Patras and Ancient Olympia, Greece,,Phase Transition of Internet Traffic and a New Control Strategy,,,,,
2004.05.26,,Misako Takayasu <B>Plenary Invited Lecture</B>,,Joint Conference of ICCP6 and CCP2003 Dominance of Information Technology in the Global Intellectual and Economic Landscapes in the 21st Century in Beijing (China),,Phase Transition Behaviors in the Internet Information Flow and its Application,,,,,,,,
2003.07.15,,高安美佐子,,京都大学基礎物理学研究所　2003年度前期研究会 経済物理学－社会・経済への物理学的アプローチ－,,自己変調モデルによる長時間相関の導出と経済現象への応用,,,,,,,,
2003.03.25,,高安美佐子、小泉周、金子章道 <B>シンポジウム講演</B>,,日本生理学会大会　福岡　網膜における特徴抽出機構：古典的解釈はどこまで正しいのか?,,アマクリン細胞の機能と方向選択性のシミュレーション,,,,,,,,
2003.03,,Misako Takayasu <B>Plenary Invited talk</B>,,Asian Statistical Physics Workshop in Pusan, Korea,,Phase transition behaviors in Internet and traffic control,,,,,,,
2003.02.03,,高安美佐子 <B>招待講演</B>,,電子情報通信学会・非線形問題研究会・ニューロコンピューティング研究会合同講演会, 北海道大学,,インターネットの情報流に見られる相転移現象と制御への応用,,,,,,,
